collegeId,collegeCode,departmentCode,departmentName
ENG0001,1,BY,BIO MEDICAL ENGINEERING (SS)
ENG0001,1,CE,CIVIL ENGINEERING
ENG0001,1,CM,COMPUTER SCIENCE AND ENGINEERING (SS)
ENG0001,1,CS,COMPUTER SCIENCE AND ENGINEERING
ENG0001,1,EC,ELECTRONICS AND COMMUNICATION ENGINEERING
ENG0001,1,EE,ELECTRICAL AND ELECTRONICS ENGINEERING
ENG0001,1,EL,Electronics Engineering (VLSI Design and Technology) (SS)
ENG0001,1,EM,ELECTRONICS AND COMMUNICATION ENGINEERING (SS)
ENG0001,1,GI,GEO INFORMATICS
ENG0001,1,IE,INDUSTRIAL ENGINEERING
ENG0001,1,IM,INFORMATION TECHNOLOGY (SS)
ENG0001,1,MA,MATERIAL SCIENCE AND ENGINEERING (SS)
ENG0001,1,ME,MECHANICAL ENGINEERING
ENG0001,1,MI,MINING ENGINEERING
ENG0001,1,MN,MANUFACTURING ENGINEERING
ENG0001,1,PT,PRINTING & PACKING TECHNOLOGY
ENG0001,1,XC,CIVIL ENGINEERING (TAMIL MEDIUM)
ENG0001,1,XM,MECHANICAL ENGINEERING (TAMIL MEDIUM)
ENG0002,2,AP,APPAREL TECHNOLOGY (SS)
ENG0002,2,CH,CHEMICAL ENGINEERING
ENG0002,2,CL,CHEMICAL ENGINEERING (SS)
ENG0002,2,CR,CERAMIC TECHNOLOGY (SS)
ENG0002,2,FS,FOOD TECHNOLOGY (SS)
ENG0002,2,IB,INDUSTRIAL BIO TECHNOLOGY
ENG0002,2,IS,INDUSTRIAL BIO TECHNOLOGY (SS)
ENG0002,2,LE,LEATHER TECHNOLOGY
ENG0002,2,PM,PHARMACEUTICAL TECHNOLOGY (SS)
ENG0002,2,PP,PETROLEUM ENGINEERING AND TECHNOLOGY (SS)
ENG0002,2,TX,TEXTILE TECHNOLOGY
ENG0003,3,BP,B.Plan
ENG0004,4,AE,AERONAUTICAL ENGINEERING
ENG0004,4,AT,ARTIFICIAL INTELLIGENCE AND DATA SCIENCE (SS)
ENG0004,4,AU,AUTOMOBILE ENGINEERING
ENG0004,4,CM,COMPUTER SCIENCE AND ENGINEERING (SS)
ENG0004,4,CS,COMPUTER SCIENCE AND ENGINEERING
ENG0004,4,EC,ELECTRONICS AND COMMUNICATION ENGINEERING
ENG0004,4,EI,ELECTRONICS AND INSTRUMENTATION ENGINEERING
ENG0004,4,EM,ELECTRONICS AND COMMUNICATION ENGINEERING (SS)
ENG0004,4,IM,INFORMATION TECHNOLOGY (SS)
ENG0004,4,PR,PRODUCTION ENGINEERING
ENG0004,4,RA,ROBOTICS AND AUTOMATION (SS)
ENG0004,4,RP,RUBBER AND PLASTIC TECHNOLOGY
ENG0005,5,AM,COMPUTER SCIENCE AND ENGINEERING (AI AND MACHINE LEARNING)
ENG0005,5,CE,CIVIL ENGINEERING
ENG0005,5,CF,COMPUTER SCIENCE AND ENGINEERING (DATA SCIENCE)
ENG0005,5,CH,CHEMICAL ENGINEERING
ENG0005,5,CS,COMPUTER SCIENCE AND ENGINEERING
ENG0005,5,CZ,CIVIL AND STRUCTUTURAL ENGINEERING
ENG0005,5,EC,ELECTRONICS AND COMMUNICATION ENGINEERING
ENG0005,5,EE,ELECTRICAL AND ELECTRONICS ENGINEERING
ENG0005,5,EI,ELECTRONICS AND INSTRUMENTATION ENGINEERING
ENG0005,5,IT,INFORMATION TECHNOLOGY
ENG0005,5,ME,MECHANICAL ENGINEERING
ENG0005,5,MM,MECHANICAL ENGINEERING (MANUFACTURING)
ENG0006,1013,CS,COMPUTER SCIENCE AND ENGINEERING
ENG0006,1013,EC,ELECTRONICS AND COMMUNICATION ENGINEERING
ENG0006,1013,IT,INFORMATION TECHNOLOGY
ENG0006,1013,ME,MECHANICAL ENGINEERING
ENG0006,1013,SC,Computer Science and Engineering (Cyber Security)
ENG0006,1013,XM,MECHANICAL ENGINEERING (TAMIL MEDIUM)
ENG0007,1014,CE,CIVIL ENGINEERING
ENG0007,1014,CS,COMPUTER SCIENCE AND ENGINEERING
ENG0007,1014,EC,ELECTRONICS AND COMMUNICATION ENGINEERING
ENG0007,1014,EF,Electrical and Computer Engineering
ENG0007,1014,IT,INFORMATION TECHNOLOGY
ENG0007,1014,XC,CIVIL ENGINEERING (TAMIL MEDIUM)
ENG0008,1015,CS,COMPUTER SCIENCE AND ENGINEERING
ENG0008,1015,EC,ELECTRONICS AND COMMUNICATION ENGINEERING
ENG0008,1015,EE,ELECTRICAL AND ELECTRONICS ENGINEERING
ENG0008,1015,ME,MECHANICAL ENGINEERING
ENG0008,1015,XM,MECHANICAL ENGINEERING (TAMIL MEDIUM)
ENG0009,1026,CS,COMPUTER SCIENCE AND ENGINEERING
ENG0009,1026,EC,ELECTRONICS AND COMMUNICATION ENGINEERING
ENG0009,1026,EE,ELECTRICAL AND ELECTRONICS ENGINEERING
ENG0009,1026,ME,MECHANICAL ENGINEERING
ENG0009,1026,SC,Computer Science and Engineering (Cyber Security)
ENG0010,1101,AD,Artificial Intelligence and Data Science
ENG0010,1101,AM,COMPUTER SCIENCE AND ENGINEERING (AI AND MACHINE LEARNING)
ENG0010,1101,CB,COMPUTER SCIENCE AND BUSSINESS SYSTEM
ENG0010,1101,CS,COMPUTER SCIENCE AND ENGINEERING
ENG0010,1101,EC,ELECTRONICS AND COMMUNICATION ENGINEERING
ENG0010,1101,EE,ELECTRICAL AND ELECTRONICS ENGINEERING
ENG0010,1101,IT,INFORMATION TECHNOLOGY
ENG0010,1101,ME,MECHANICAL ENGINEERING
ENG0010,1101,SC,Computer Science and Engineering (Cyber Security)
ENG0011,1102,AD,Artificial Intelligence and Data Science
ENG0011,1102,CE,CIVIL ENGINEERING
ENG0011,1102,CS,COMPUTER SCIENCE AND ENGINEERING
ENG0011,1102,EC,ELECTRONICS AND COMMUNICATION ENGINEERING
ENG0011,1102,EE,ELECTRICAL AND ELECTRONICS ENGINEERING
ENG0011,1102,IT,INFORMATION TECHNOLOGY
ENG0011,1102,ME,MECHANICAL ENGINEERING
ENG0012,1106,AE,AERONAUTICAL ENGINEERING
ENG0012,1106,AM,COMPUTER SCIENCE AND ENGINEERING (AI AND MACHINE LEARNING)
ENG0012,1106,CB,COMPUTER SCIENCE AND BUSSINESS SYSTEM
ENG0012,1106,CE,CIVIL ENGINEERING
ENG0012,1106,CO,COMPUTER AND COMMUNICATION ENGINEERING
ENG0012,1106,CS,COMPUTER SCIENCE AND ENGINEERING
ENG0012,1106,EC,ELECTRONICS AND COMMUNICATION ENGINEERING
ENG0012,1106,EE,ELECTRICAL AND ELECTRONICS ENGINEERING
ENG0012,1106,EI,ELECTRONICS AND INSTRUMENTATION ENGINEERING
ENG0012,1106,IT,INFORMATION TECHNOLOGY
ENG0012,1106,ME,MECHANICAL ENGINEERING
ENG0012,1106,RM,ROBOTICS AND AUTOMATION
ENG0012,1106,TX,TEXTILE TECHNOLOGY
ENG0013,1107,CS,COMPUTER SCIENCE AND ENGINEERING
ENG0013,1107,EC,ELECTRONICS AND COMMUNICATION ENGINEERING
ENG0013,1107,EE,ELECTRICAL AND ELECTRONICS ENGINEERING
ENG0013,1107,FD,FOOD TECHNOLOGY
ENG0013,1107,ME,MECHANICAL ENGINEERING
ENG0014,1110,AD,Artificial Intelligence and Data Science
ENG0014,1110,AM,COMPUTER SCIENCE AND ENGINEERING (AI AND MACHINE LEARNING)
ENG0014,1110,BT,BIO TECHNOLOGY
ENG0014,1110,CB,COMPUTER SCIENCE AND BUSSINESS SYSTEM
ENG0014,1110,CS,COMPUTER SCIENCE AND ENGINEERING
ENG0014,1110,EC,ELECTRONICS AND COMMUNICATION ENGINEERING
ENG0014,1110,EE,ELECTRICAL AND ELECTRONICS ENGINEERING
ENG0014,1110,IT,INFORMATION TECHNOLOGY
ENG0014,1110,ME,MECHANICAL ENGINEERING
ENG0014,1110,SC,Computer Science and Engineering (Cyber Security)
ENG0015,1112,AL,Artificial Intelligence and Machine Learning
ENG0015,1112,CB,COMPUTER SCIENCE AND BUSSINESS SYSTEM
ENG0015,1112,CS,COMPUTER SCIENCE AND ENGINEERING
ENG0015,1112,EC,ELECTRONICS AND COMMUNICATION ENGINEERING
ENG0015,1112,IT,INFORMATION TECHNOLOGY
ENG0016,1113,AD,Artificial Intelligence and Data Science
ENG0016,1113,CB,COMPUTER SCIENCE AND BUSSINESS SYSTEM
ENG0016,1113,CD,COMPUTER SCIENCE AND DESIGN
ENG0016,1113,CE,CIVIL ENGINEERING
ENG0016,1113,CS,COMPUTER SCIENCE AND ENGINEERING
ENG0016,1113,EA,Electronics and Communication (Advanced Communication Technology)
ENG0016,1113,EC,ELECTRONICS AND COMMUNICATION ENGINEERING
ENG0016,1113,EE,ELECTRICAL AND ELECTRONICS ENGINEERING
ENG0016,1113,EV,Electronics Engineering (VLSI Design and Technology)
ENG0016,1113,IT,INFORMATION TECHNOLOGY
ENG0016,1113,ME,MECHANICAL ENGINEERING
ENG0017,1114,AD,Artificial Intelligence and Data Science
ENG0017,1114,AM,COMPUTER SCIENCE AND ENGINEERING (AI AND MACHINE LEARNING)
ENG0017,1114,CB,COMPUTER SCIENCE AND BUSSINESS SYSTEM
ENG0017,1114,CE,CIVIL ENGINEERING
ENG0017,1114,CS,COMPUTER SCIENCE AND ENGINEERING
ENG0017,1114,EC,ELECTRONICS AND COMMUNICATION ENGINEERING
ENG0017,1114,EE,ELECTRICAL AND ELECTRONICS ENGINEERING
ENG0017,1114,EV,Electronics Engineering (VLSI Design and Technology)
ENG0017,1114,IT,INFORMATION TECHNOLOGY
ENG0017,1114,ME,MECHANICAL ENGINEERING
ENG0017,1114,SC,Computer Science and Engineering (Cyber Security)
ENG0018,1115,AD,Artificial Intelligence and Data Science
ENG0018,1115,AM,COMPUTER SCIENCE AND ENGINEERING (AI AND MACHINE LEARNING)
ENG0018,1115,CB,COMPUTER SCIENCE AND BUSSINESS SYSTEM
ENG0018,1115,CS,COMPUTER SCIENCE AND ENGINEERING
ENG0018,1115,EC,ELECTRONICS AND COMMUNICATION ENGINEERING
ENG0018,1115,EE,ELECTRICAL AND ELECTRONICS ENGINEERING
ENG0018,1115,ME,MECHANICAL ENGINEERING
ENG0018,1115,SC,Computer Science and Engineering (Cyber Security)
ENG0019,1116,AD,Artificial Intelligence and Data Science
ENG0019,1116,AM,COMPUTER SCIENCE AND ENGINEERING (AI AND MACHINE LEARNING)
ENG0019,1116,CE,CIVIL ENGINEERING
ENG0019,1116,CS,COMPUTER SCIENCE AND ENGINEERING
ENG0019,1116,EC,ELECTRONICS AND COMMUNICATION ENGINEERING
ENG0019,1116,EE,ELECTRICAL AND ELECTRONICS ENGINEERING
ENG0019,1116,IT,INFORMATION TECHNOLOGY
ENG0019,1116,ME,MECHANICAL ENGINEERING
ENG0019,1116,SC,Computer Science and Engineering (Cyber Security)
ENG0020,1118,AD,Artificial Intelligence and Data Science
ENG0020,1118,BM,BIO MEDICAL ENGINEERING
ENG0020,1118,CB,COMPUTER SCIENCE AND BUSSINESS SYSTEM
ENG0020,1118,CS,COMPUTER SCIENCE AND ENGINEERING
ENG0020,1118,EC,ELECTRONICS AND COMMUNICATION ENGINEERING
ENG0020,1118,EE,ELECTRICAL AND ELECTRONICS ENGINEERING
ENG0020,1118,IT,INFORMATION TECHNOLOGY
ENG0020,1118,ME,MECHANICAL ENGINEERING
ENG0020,1118,SC,Computer Science and Engineering (Cyber Security)
ENG0021,1120,AD,Artificial Intelligence and Data Science
ENG0021,1120,AU,AUTOMOBILE ENGINEERING
ENG0021,1120,CE,CIVIL ENGINEERING
ENG0021,1120,CS,COMPUTER SCIENCE AND ENGINEERING
ENG0021,1120,EC,ELECTRONICS AND COMMUNICATION ENGINEERING
ENG0021,1120,EE,ELECTRICAL AND ELECTRONICS ENGINEERING
ENG0021,1120,EI,ELECTRONICS AND INSTRUMENTATION ENGINEERING
ENG0021,1120,IT,INFORMATION TECHNOLOGY
ENG0021,1120,ME,MECHANICAL ENGINEERING
ENG0021,1120,SC,Computer Science and Engineering (Cyber Security)
ENG0022,1121,AD,Artificial Intelligence and Data Science
ENG0022,1121,CE,CIVIL ENGINEERING
ENG0022,1121,CS,COMPUTER SCIENCE AND ENGINEERING
ENG0022,1121,EC,ELECTRONICS AND COMMUNICATION ENGINEERING
ENG0022,1121,EE,ELECTRICAL AND ELECTRONICS ENGINEERING
ENG0022,1121,ME,MECHANICAL ENGINEERING
ENG0022,1121,SC,Computer Science and Engineering (Cyber Security)
ENG0023,1122,AD,Artificial Intelligence and Data Science
ENG0023,1122,AM,COMPUTER SCIENCE AND ENGINEERING (AI AND MACHINE LEARNING)
ENG0023,1122,BT,BIO TECHNOLOGY
ENG0023,1122,CE,CIVIL ENGINEERING
ENG0023,1122,CH,CHEMICAL ENGINEERING
ENG0023,1122,CS,COMPUTER SCIENCE AND ENGINEERING
ENG0023,1122,EC,ELECTRONICS AND COMMUNICATION ENGINEERING
ENG0023,1122,IT,INFORMATION TECHNOLOGY
ENG0023,1122,ME,MECHANICAL ENGINEERING
ENG0024,1123,AD,Artificial Intelligence and Data Science
ENG0024,1123,AE,AERONAUTICAL ENGINEERING
ENG0024,1123,AM,COMPUTER SCIENCE AND ENGINEERING (AI AND MACHINE LEARNING)
ENG0024,1123,BT,BIO TECHNOLOGY
ENG0024,1123,CB,COMPUTER SCIENCE AND BUSSINESS SYSTEM
ENG0024,1123,CO,COMPUTER AND COMMUNICATION ENGINEERING
ENG0024,1123,CS,COMPUTER SCIENCE AND ENGINEERING
ENG0024,1123,EC,ELECTRONICS AND COMMUNICATION ENGINEERING
ENG0024,1123,IT,INFORMATION TECHNOLOGY
ENG0024,1123,MD,MEDICAL ELECTRONICS ENGINEERING
ENG0024,1123,MU,MECHANICAL AND AUTOMATION ENGINEERING
ENG0024,1123,PH,PHARMACEUTICAL TECHNOLOGY
ENG0024,1123,RM,ROBOTICS AND AUTOMATION
ENG0024,1123,SC,Computer Science and Engineering (Cyber Security)
ENG0025,1124,AD,Artificial Intelligence and Data Science
ENG0025,1124,AE,AERONAUTICAL ENGINEERING
ENG0025,1124,AM,COMPUTER SCIENCE AND ENGINEERING (AI AND MACHINE LEARNING)
ENG0025,1124,CO,COMPUTER AND COMMUNICATION ENGINEERING
ENG0025,1124,CS,COMPUTER SCIENCE AND ENGINEERING
ENG0025,1124,ME,MECHANICAL ENGINEERING
ENG0025,1124,MR,MARINE ENGINEERING
ENG0025,1124,SC,Computer Science and Engineering (Cyber Security)
ENG0026,1126,AD,Artificial Intelligence and Data Science
ENG0026,1126,BM,BIO MEDICAL ENGINEERING
ENG0026,1126,CS,COMPUTER SCIENCE AND ENGINEERING
ENG0026,1126,EC,ELECTRONICS AND COMMUNICATION ENGINEERING
ENG0026,1126,EV,Electronics Engineering (VLSI Design and Technology)
ENG0026,1126,RM,ROBOTICS AND AUTOMATION
ENG0026,1126,SC,Computer Science and Engineering (Cyber Security)
ENG0027,1127,AD,Artificial Intelligence and Data Science
ENG0027,1127,BT,BIO TECHNOLOGY
ENG0027,1127,CB,COMPUTER SCIENCE AND BUSSINESS SYSTEM
ENG0027,1127,CH,CHEMICAL ENGINEERING
ENG0027,1127,CS,COMPUTER SCIENCE AND ENGINEERING
ENG0027,1127,EC,ELECTRONICS AND COMMUNICATION ENGINEERING
ENG0027,1127,EE,ELECTRICAL AND ELECTRONICS ENGINEERING
ENG0027,1127,IT,INFORMATION TECHNOLOGY
ENG0027,1127,ME,MECHANICAL ENGINEERING
ENG0028,1128,AD,Artificial Intelligence and Data Science
ENG0028,1128,CS,COMPUTER SCIENCE AND ENGINEERING
ENG0028,1128,EC,ELECTRONICS AND COMMUNICATION ENGINEERING
ENG0028,1128,EV,Electronics Engineering (VLSI Design and Technology)
ENG0028,1128,SC,Computer Science and Engineering (Cyber Security)
ENG0029,1133,AD,Artificial Intelligence and Data Science
ENG0029,1133,CE,CIVIL ENGINEERING
ENG0029,1133,CS,COMPUTER SCIENCE AND ENGINEERING
ENG0029,1133,EC,ELECTRONICS AND COMMUNICATION ENGINEERING
ENG0029,1133,ME,MECHANICAL ENGINEERING
ENG0030,1137,AD,Artificial Intelligence and Data Science
ENG0030,1137,CE,CIVIL ENGINEERING
ENG0030,1137,CS,COMPUTER SCIENCE AND ENGINEERING
ENG0030,1137,EC,ELECTRONICS AND COMMUNICATION ENGINEERING
ENG0030,1137,EE,ELECTRICAL AND ELECTRONICS ENGINEERING
ENG0030,1137,IT,INFORMATION TECHNOLOGY
ENG0030,1137,ME,MECHANICAL ENGINEERING
ENG0031,1140,AD,Artificial Intelligence and Data Science
ENG0031,1140,CB,COMPUTER SCIENCE AND BUSSINESS SYSTEM
ENG0031,1140,CS,COMPUTER SCIENCE AND ENGINEERING
ENG0031,1140,EC,ELECTRONICS AND COMMUNICATION ENGINEERING
ENG0031,1140,IT,INFORMATION TECHNOLOGY
ENG0031,1140,ME,MECHANICAL ENGINEERING
ENG0032,1149,AD,Artificial Intelligence and Data Science
ENG0032,1149,AM,COMPUTER SCIENCE AND ENGINEERING (AI AND MACHINE LEARNING)
ENG0032,1149,CS,COMPUTER SCIENCE AND ENGINEERING
ENG0032,1149,EC,ELECTRONICS AND COMMUNICATION ENGINEERING
ENG0032,1149,EE,ELECTRICAL AND ELECTRONICS ENGINEERING
ENG0032,1149,IT,INFORMATION TECHNOLOGY
ENG0032,1149,ME,MECHANICAL ENGINEERING
ENG0032,1149,SC,Computer Science and Engineering (Cyber Security)
ENG0033,1150,AD,Artificial Intelligence and Data Science
ENG0033,1150,AG,AGRICULTURAL ENGINEERING
ENG0033,1150,BM,BIO MEDICAL ENGINEERING
ENG0033,1150,CS,COMPUTER SCIENCE AND ENGINEERING
ENG0033,1150,ME,MECHANICAL ENGINEERING
ENG0034,1202,AD,Artificial Intelligence and Data Science
ENG0034,1202,AM,COMPUTER SCIENCE AND ENGINEERING (AI AND MACHINE LEARNING)
ENG0034,1202,CE,CIVIL ENGINEERING
ENG0034,1202,CS,COMPUTER SCIENCE AND ENGINEERING
ENG0034,1202,EC,ELECTRONICS AND COMMUNICATION ENGINEERING
ENG0034,1202,EE,ELECTRICAL AND ELECTRONICS ENGINEERING
ENG0034,1202,IT,INFORMATION TECHNOLOGY
ENG0034,1202,ME,MECHANICAL ENGINEERING
ENG0035,1203,AD,Artificial Intelligence and Data Science
ENG0035,1203,AM,COMPUTER SCIENCE AND ENGINEERING (AI AND MACHINE LEARNING)
ENG0035,1203,CB,COMPUTER SCIENCE AND BUSSINESS SYSTEM
ENG0035,1203,CS,COMPUTER SCIENCE AND ENGINEERING
ENG0035,1203,IT,INFORMATION TECHNOLOGY
ENG0035,1203,SC,Computer Science and Engineering (Cyber Security)
ENG0036,1207,AD,Artificial Intelligence and Data Science
ENG0036,1207,AM,COMPUTER SCIENCE AND ENGINEERING (AI AND MACHINE LEARNING)
ENG0036,1207,BM,BIO MEDICAL ENGINEERING
ENG0036,1207,CS,COMPUTER SCIENCE AND ENGINEERING
ENG0036,1207,EC,ELECTRONICS AND COMMUNICATION ENGINEERING
ENG0036,1207,IT,INFORMATION TECHNOLOGY
ENG0036,1207,ME,MECHANICAL ENGINEERING
ENG0036,1207,RM,ROBOTICS AND AUTOMATION
ENG0037,1209,CE,CIVIL ENGINEERING
ENG0037,1209,CS,COMPUTER SCIENCE AND ENGINEERING
ENG0037,1209,EC,ELECTRONICS AND COMMUNICATION ENGINEERING
ENG0037,1209,EE,ELECTRICAL AND ELECTRONICS ENGINEERING
ENG0037,1209,IT,INFORMATION TECHNOLOGY
ENG0037,1209,ME,MECHANICAL ENGINEERING
ENG0038,1210,AD,Artificial Intelligence and Data Science
ENG0038,1210,AL,Artificial Intelligence and Machine Learning
ENG0038,1210,CS,COMPUTER SCIENCE AND ENGINEERING
ENG0038,1210,EC,ELECTRONICS AND COMMUNICATION ENGINEERING
ENG0038,1210,EE,ELECTRICAL AND ELECTRONICS ENGINEERING
ENG0038,1210,IT,INFORMATION TECHNOLOGY
ENG0038,1210,ME,MECHANICAL ENGINEERING
ENG0039,1211,AD,Artificial Intelligence and Data Science
ENG0039,1211,AE,AERONAUTICAL ENGINEERING
ENG0039,1211,AL,Artificial Intelligence and Machine Learning
ENG0039,1211,AU,AUTOMOBILE ENGINEERING
ENG0039,1211,BM,BIO MEDICAL ENGINEERING
ENG0039,1211,BT,BIO TECHNOLOGY
ENG0039,1211,CB,COMPUTER SCIENCE AND BUSSINESS SYSTEM
ENG0039,1211,CD,COMPUTER SCIENCE AND DESIGN
ENG0039,1211,CE,CIVIL ENGINEERING
ENG0039,1211,CH,CHEMICAL ENGINEERING
ENG0039,1211,CS,COMPUTER SCIENCE AND ENGINEERING
ENG0039,1211,EC,ELECTRONICS AND COMMUNICATION ENGINEERING
ENG0039,1211,EE,ELECTRICAL AND ELECTRONICS ENGINEERING
ENG0039,1211,FD,FOOD TECHNOLOGY
ENG0039,1211,IT,INFORMATION TECHNOLOGY
ENG0039,1211,ME,MECHANICAL ENGINEERING
ENG0039,1211,MZ,Mechatronics Engineering
ENG0039,1211,RM,ROBOTICS AND AUTOMATION
ENG0039,1211,SC,Computer Science and Engineering (Cyber Security)
ENG0040,1212,AD,Artificial Intelligence and Data Science
ENG0040,1212,BM,BIO MEDICAL ENGINEERING
ENG0040,1212,CS,COMPUTER SCIENCE AND ENGINEERING
ENG0040,1212,EC,ELECTRONICS AND COMMUNICATION ENGINEERING
ENG0040,1212,EE,ELECTRICAL AND ELECTRONICS ENGINEERING
ENG0040,1212,ME,MECHANICAL ENGINEERING
ENG0040,1212,PE,PETROLEUM ENGINEERING
ENG0041,1216,AD,Artificial Intelligence and Data Science
ENG0041,1216,AL,Artificial Intelligence and Machine Learning
ENG0041,1216,BM,BIO MEDICAL ENGINEERING
ENG0041,1216,CE,CIVIL ENGINEERING
ENG0041,1216,CS,COMPUTER SCIENCE AND ENGINEERING
ENG0041,1216,EC,ELECTRONICS AND COMMUNICATION ENGINEERING
ENG0041,1216,EE,ELECTRICAL AND ELECTRONICS ENGINEERING
ENG0041,1216,IT,INFORMATION TECHNOLOGY
ENG0041,1216,ME,MECHANICAL ENGINEERING
ENG0041,1216,SC,Computer Science and Engineering (Cyber Security)
ENG0042,1217,AD,Artificial Intelligence and Data Science
ENG0042,1217,AL,Artificial Intelligence and Machine Learning
ENG0042,1217,AU,AUTOMOBILE ENGINEERING
ENG0042,1217,BM,BIO MEDICAL ENGINEERING
ENG0042,1217,BT,BIO TECHNOLOGY
ENG0042,1217,CB,COMPUTER SCIENCE AND BUSSINESS SYSTEM
ENG0042,1217,CE,CIVIL ENGINEERING
ENG0042,1217,CS,COMPUTER SCIENCE AND ENGINEERING
ENG0042,1217,EC,ELECTRONICS AND COMMUNICATION ENGINEERING
ENG0042,1217,EE,ELECTRICAL AND ELECTRONICS ENGINEERING
ENG0042,1217,FD,FOOD TECHNOLOGY
ENG0042,1217,IT,INFORMATION TECHNOLOGY
ENG0042,1217,MU,MECHANICAL AND AUTOMATION ENGINEERING
ENG0042,1217,SC,Computer Science and Engineering (Cyber Security)
ENG0043,1218,AD,Artificial Intelligence and Data Science
ENG0043,1218,BM,BIO MEDICAL ENGINEERING
ENG0043,1218,CE,CIVIL ENGINEERING
ENG0043,1218,CS,COMPUTER SCIENCE AND ENGINEERING
ENG0043,1218,EC,ELECTRONICS AND COMMUNICATION ENGINEERING
ENG0043,1218,EE,ELECTRICAL AND ELECTRONICS ENGINEERING
ENG0043,1218,IT,INFORMATION TECHNOLOGY
ENG0043,1218,ME,MECHANICAL ENGINEERING
ENG0043,1218,MZ,Mechatronics Engineering
ENG0043,1218,PH,PHARMACEUTICAL TECHNOLOGY
ENG0043,1218,RM,ROBOTICS AND AUTOMATION
ENG0044,1219,AD,Artificial Intelligence and Data Science
ENG0044,1219,BT,BIO TECHNOLOGY
ENG0044,1219,CE,CIVIL ENGINEERING
ENG0044,1219,CH,CHEMICAL ENGINEERING
ENG0044,1219,CS,COMPUTER SCIENCE AND ENGINEERING
ENG0044,1219,EC,ELECTRONICS AND COMMUNICATION ENGINEERING
ENG0044,1219,EE,ELECTRICAL AND ELECTRONICS ENGINEERING
ENG0044,1219,IT,INFORMATION TECHNOLOGY
ENG0044,1219,MB,Mechanical Engineering (Automobile)
ENG0044,1219,ME,MECHANICAL ENGINEERING
ENG0044,1219,MR,MARINE ENGINEERING
ENG0044,1219,MU,MECHANICAL AND AUTOMATION ENGINEERING
ENG0045,1221,CS,COMPUTER SCIENCE AND ENGINEERING
ENG0045,1221,EC,ELECTRONICS AND COMMUNICATION ENGINEERING
ENG0045,1221,MD,MEDICAL ELECTRONICS ENGINEERING
ENG0045,1221,ME,MECHANICAL ENGINEERING
ENG0046,1222,AD,Artificial Intelligence and Data Science
ENG0046,1222,AE,AERONAUTICAL ENGINEERING
ENG0046,1222,CE,CIVIL ENGINEERING
ENG0046,1222,CS,COMPUTER SCIENCE AND ENGINEERING
ENG0046,1222,EC,ELECTRONICS AND COMMUNICATION ENGINEERING
ENG0046,1222,EE,ELECTRICAL AND ELECTRONICS ENGINEERING
ENG0046,1222,IT,INFORMATION TECHNOLOGY
ENG0046,1222,ME,MECHANICAL ENGINEERING
ENG0046,1222,SC,Computer Science and Engineering (Cyber Security)
ENG0047,1225,AD,Artificial Intelligence and Data Science
ENG0047,1225,CS,COMPUTER SCIENCE AND ENGINEERING
ENG0047,1225,EC,ELECTRONICS AND COMMUNICATION ENGINEERING
ENG0047,1225,EE,ELECTRICAL AND ELECTRONICS ENGINEERING
ENG0047,1225,IT,INFORMATION TECHNOLOGY
ENG0047,1225,ME,MECHANICAL ENGINEERING
ENG0047,1225,SC,Computer Science and Engineering (Cyber Security)
ENG0048,1226,AD,Artificial Intelligence and Data Science
ENG0048,1226,CS,COMPUTER SCIENCE AND ENGINEERING
ENG0048,1226,EC,ELECTRONICS AND COMMUNICATION ENGINEERING
ENG0048,1226,EE,ELECTRICAL AND ELECTRONICS ENGINEERING
ENG0048,1226,IT,INFORMATION TECHNOLOGY
ENG0048,1226,ME,MECHANICAL ENGINEERING
ENG0049,1228,AD,Artificial Intelligence and Data Science
ENG0049,1228,BM,BIO MEDICAL ENGINEERING
ENG0049,1228,CS,COMPUTER SCIENCE AND ENGINEERING
ENG0049,1228,EC,ELECTRONICS AND COMMUNICATION ENGINEERING
ENG0049,1228,IT,INFORMATION TECHNOLOGY
ENG0049,1228,RM,ROBOTICS AND AUTOMATION
ENG0049,1228,SC,Computer Science and Engineering (Cyber Security)
ENG0050,1229,AD,Artificial Intelligence and Data Science
ENG0050,1229,CE,CIVIL ENGINEERING
ENG0050,1229,CS,COMPUTER SCIENCE AND ENGINEERING
ENG0050,1229,EC,ELECTRONICS AND COMMUNICATION ENGINEERING
ENG0050,1229,EE,ELECTRICAL AND ELECTRONICS ENGINEERING
ENG0050,1229,ME,MECHANICAL ENGINEERING
ENG0051,1230,AD,Artificial Intelligence and Data Science
ENG0051,1230,AE,AERONAUTICAL ENGINEERING
ENG0051,1230,CB,COMPUTER SCIENCE AND BUSSINESS SYSTEM
ENG0051,1230,CS,COMPUTER SCIENCE AND ENGINEERING
ENG0051,1230,EC,ELECTRONICS AND COMMUNICATION ENGINEERING
ENG0051,1230,EE,ELECTRICAL AND ELECTRONICS ENGINEERING
ENG0051,1230,SC,Computer Science and Engineering (Cyber Security)
ENG0052,1232,AD,Artificial Intelligence and Data Science
ENG0052,1232,CE,CIVIL ENGINEERING
ENG0052,1232,CS,COMPUTER SCIENCE AND ENGINEERING
ENG0052,1232,EC,ELECTRONICS AND COMMUNICATION ENGINEERING
ENG0052,1232,EE,ELECTRICAL AND ELECTRONICS ENGINEERING
ENG0052,1232,IT,INFORMATION TECHNOLOGY
ENG0052,1232,ME,MECHANICAL ENGINEERING
ENG0052,1232,SC,Computer Science and Engineering (Cyber Security)
ENG0053,1233,AD,Artificial Intelligence and Data Science
ENG0053,1233,CS,COMPUTER SCIENCE AND ENGINEERING
ENG0053,1233,EC,ELECTRONICS AND COMMUNICATION ENGINEERING
ENG0053,1233,EE,ELECTRICAL AND ELECTRONICS ENGINEERING
ENG0053,1233,IT,INFORMATION TECHNOLOGY
ENG0053,1233,ME,MECHANICAL ENGINEERING
ENG0054,1235,CE,CIVIL ENGINEERING
ENG0054,1235,CS,COMPUTER SCIENCE AND ENGINEERING
ENG0054,1235,EC,ELECTRONICS AND COMMUNICATION ENGINEERING
ENG0054,1235,EE,ELECTRICAL AND ELECTRONICS ENGINEERING
ENG0054,1235,IT,INFORMATION TECHNOLOGY
ENG0054,1235,ME,MECHANICAL ENGINEERING
ENG0055,1237,AD,Artificial Intelligence and Data Science
ENG0055,1237,CS,COMPUTER SCIENCE AND ENGINEERING
ENG0055,1237,EC,ELECTRONICS AND COMMUNICATION ENGINEERING
ENG0055,1237,EE,ELECTRICAL AND ELECTRONICS ENGINEERING
ENG0055,1237,IT,INFORMATION TECHNOLOGY
ENG0055,1237,ME,MECHANICAL ENGINEERING
ENG0055,1237,MZ,Mechatronics Engineering
ENG0056,1238,AD,Artificial Intelligence and Data Science
ENG0056,1238,BM,BIO MEDICAL ENGINEERING
ENG0056,1238,CS,COMPUTER SCIENCE AND ENGINEERING
ENG0056,1238,EC,ELECTRONICS AND COMMUNICATION ENGINEERING
ENG0056,1238,EE,ELECTRICAL AND ELECTRONICS ENGINEERING
ENG0056,1238,IT,INFORMATION TECHNOLOGY
ENG0056,1238,ME,MECHANICAL ENGINEERING
ENG0057,1241,AD,Artificial Intelligence and Data Science
ENG0057,1241,AM,COMPUTER SCIENCE AND ENGINEERING (AI AND MACHINE LEARNING)
ENG0057,1241,CS,COMPUTER SCIENCE AND ENGINEERING
ENG0057,1241,EC,ELECTRONICS AND COMMUNICATION ENGINEERING
ENG0057,1241,EE,ELECTRICAL AND ELECTRONICS ENGINEERING
ENG0057,1241,IT,INFORMATION TECHNOLOGY
ENG0057,1241,ME,MECHANICAL ENGINEERING
ENG0058,1243,AD,Artificial Intelligence and Data Science
ENG0058,1243,CS,COMPUTER SCIENCE AND ENGINEERING
ENG0058,1243,EC,ELECTRONICS AND COMMUNICATION ENGINEERING
ENG0058,1243,IT,INFORMATION TECHNOLOGY
ENG0058,1243,SC,Computer Science and Engineering (Cyber Security)
ENG0059,1301,AD,Artificial Intelligence and Data Science
ENG0059,1301,AM,COMPUTER SCIENCE AND ENGINEERING (AI AND MACHINE LEARNING)
ENG0059,1301,CB,COMPUTER SCIENCE AND BUSSINESS SYSTEM
ENG0059,1301,CE,CIVIL ENGINEERING
ENG0059,1301,CS,COMPUTER SCIENCE AND ENGINEERING
ENG0059,1301,EA,Electronics and Communication (Advanced Communication Technology)
ENG0059,1301,EC,ELECTRONICS AND COMMUNICATION ENGINEERING
ENG0059,1301,EE,ELECTRICAL AND ELECTRONICS ENGINEERING
ENG0059,1301,EV,Electronics Engineering (VLSI Design and Technology)
ENG0059,1301,IT,INFORMATION TECHNOLOGY
ENG0059,1301,ME,MECHANICAL ENGINEERING
ENG0059,1301,SC,Computer Science and Engineering (Cyber Security)
ENG0060,1303,AD,Artificial Intelligence and Data Science
ENG0060,1303,BT,BIO TECHNOLOGY
ENG0060,1303,CB,COMPUTER SCIENCE AND BUSSINESS SYSTEM
ENG0060,1303,CS,COMPUTER SCIENCE AND ENGINEERING
ENG0060,1303,EC,ELECTRONICS AND COMMUNICATION ENGINEERING
ENG0060,1303,EE,ELECTRICAL AND ELECTRONICS ENGINEERING
ENG0060,1303,IT,INFORMATION TECHNOLOGY
ENG0060,1303,ME,MECHANICAL ENGINEERING
ENG0060,1303,SC,Computer Science and Engineering (Cyber Security)
ENG0061,1304,AD,Artificial Intelligence and Data Science
ENG0061,1304,AM,COMPUTER SCIENCE AND ENGINEERING (AI AND MACHINE LEARNING)
ENG0061,1304,AU,AUTOMOBILE ENGINEERING
ENG0061,1304,BM,BIO MEDICAL ENGINEERING
ENG0061,1304,BT,BIO TECHNOLOGY
ENG0061,1304,CB,COMPUTER SCIENCE AND BUSSINESS SYSTEM
ENG0061,1304,CD,COMPUTER SCIENCE AND DESIGN
ENG0061,1304,CE,CIVIL ENGINEERING
ENG0061,1304,CS,COMPUTER SCIENCE AND ENGINEERING
ENG0061,1304,EC,ELECTRONICS AND COMMUNICATION ENGINEERING
ENG0061,1304,EE,ELECTRICAL AND ELECTRONICS ENGINEERING
ENG0061,1304,IT,INFORMATION TECHNOLOGY
ENG0061,1304,ME,MECHANICAL ENGINEERING
ENG0061,1304,RM,ROBOTICS AND AUTOMATION
ENG0061,1304,SC,Computer Science and Engineering (Cyber Security)
ENG0062,1306,AD,Artificial Intelligence and Data Science
ENG0062,1306,AM,COMPUTER SCIENCE AND ENGINEERING (AI AND MACHINE LEARNING)
ENG0062,1306,AO,AEROSPACE ENGINEERING
ENG0062,1306,BT,BIO TECHNOLOGY
ENG0062,1306,CS,COMPUTER SCIENCE AND ENGINEERING
ENG0062,1306,EC,ELECTRONICS AND COMMUNICATION ENGINEERING
ENG0062,1306,EE,ELECTRICAL AND ELECTRONICS ENGINEERING
ENG0062,1306,IT,INFORMATION TECHNOLOGY
ENG0062,1306,ME,MECHANICAL ENGINEERING
ENG0063,1307,AD,Artificial Intelligence and Data Science
ENG0063,1307,AM,COMPUTER SCIENCE AND ENGINEERING (AI AND MACHINE LEARNING)
ENG0063,1307,BM,BIO MEDICAL ENGINEERING
ENG0063,1307,CB,COMPUTER SCIENCE AND BUSSINESS SYSTEM
ENG0063,1307,CS,COMPUTER SCIENCE AND ENGINEERING
ENG0063,1307,EC,ELECTRONICS AND COMMUNICATION ENGINEERING
ENG0063,1307,EE,ELECTRICAL AND ELECTRONICS ENGINEERING
ENG0063,1307,IT,INFORMATION TECHNOLOGY
ENG0063,1307,SC,Computer Science and Engineering (Cyber Security)
ENG0064,1309,AD,Artificial Intelligence and Data Science
ENG0064,1309,CE,CIVIL ENGINEERING
ENG0064,1309,CS,COMPUTER SCIENCE AND ENGINEERING
ENG0064,1309,EC,ELECTRONICS AND COMMUNICATION ENGINEERING
ENG0064,1309,EE,ELECTRICAL AND ELECTRONICS ENGINEERING
ENG0064,1309,IT,INFORMATION TECHNOLOGY
ENG0064,1309,ME,MECHANICAL ENGINEERING
ENG0065,1310,AD,Artificial Intelligence and Data Science
ENG0065,1310,CB,COMPUTER SCIENCE AND BUSSINESS SYSTEM
ENG0065,1310,CE,CIVIL ENGINEERING
ENG0065,1310,CS,COMPUTER SCIENCE AND ENGINEERING
ENG0065,1310,EC,ELECTRONICS AND COMMUNICATION ENGINEERING
ENG0065,1310,EE,ELECTRICAL AND ELECTRONICS ENGINEERING
ENG0065,1310,IT,INFORMATION TECHNOLOGY
ENG0065,1310,ME,MECHANICAL ENGINEERING
ENG0066,1311,AD,Artificial Intelligence and Data Science
ENG0066,1311,AE,AERONAUTICAL ENGINEERING
ENG0066,1311,AM,COMPUTER SCIENCE AND ENGINEERING (AI AND MACHINE LEARNING)
ENG0066,1311,AO,AEROSPACE ENGINEERING
ENG0066,1311,AU,AUTOMOBILE ENGINEERING
ENG0066,1311,CE,CIVIL ENGINEERING
ENG0066,1311,CS,COMPUTER SCIENCE AND ENGINEERING
ENG0066,1311,EC,ELECTRONICS AND COMMUNICATION ENGINEERING
ENG0066,1311,EE,ELECTRICAL AND ELECTRONICS ENGINEERING
ENG0066,1311,FT,FASHION TECHNOLOGY
ENG0066,1311,IT,INFORMATION TECHNOLOGY
ENG0066,1311,ME,MECHANICAL ENGINEERING
ENG0066,1311,MZ,Mechatronics Engineering
ENG0066,1311,SC,Computer Science and Engineering (Cyber Security)
ENG0067,1315,BM,BIO MEDICAL ENGINEERING
ENG0067,1315,CE,CIVIL ENGINEERING
ENG0067,1315,CH,CHEMICAL ENGINEERING
ENG0067,1315,CJ,M.Tech. Computer Science and Engineering (Integrated 5 years)
ENG0067,1315,CS,COMPUTER SCIENCE AND ENGINEERING
ENG0067,1315,EC,ELECTRONICS AND COMMUNICATION ENGINEERING
ENG0067,1315,EE,ELECTRICAL AND ELECTRONICS ENGINEERING
ENG0067,1315,IT,INFORMATION TECHNOLOGY
ENG0067,1315,ME,MECHANICAL ENGINEERING
ENG0068,1316,AD,Artificial Intelligence and Data Science
ENG0068,1316,BM,BIO MEDICAL ENGINEERING
ENG0068,1316,CE,CIVIL ENGINEERING
ENG0068,1316,CH,CHEMICAL ENGINEERING
ENG0068,1316,CS,COMPUTER SCIENCE AND ENGINEERING
ENG0068,1316,EC,ELECTRONICS AND COMMUNICATION ENGINEERING
ENG0068,1316,EE,ELECTRICAL AND ELECTRONICS ENGINEERING
ENG0068,1316,IT,INFORMATION TECHNOLOGY
ENG0068,1316,ME,MECHANICAL ENGINEERING
ENG0068,1316,MZ,Mechatronics Engineering
ENG0069,1317,AD,Artificial Intelligence and Data Science
ENG0069,1317,AL,Artificial Intelligence and Machine Learning
ENG0069,1317,BT,BIO TECHNOLOGY
ENG0069,1317,CB,COMPUTER SCIENCE AND BUSSINESS SYSTEM
ENG0069,1317,CH,CHEMICAL ENGINEERING
ENG0069,1317,CJ,M.Tech. Computer Science and Engineering (Integrated 5 years)
ENG0069,1317,CS,COMPUTER SCIENCE AND ENGINEERING
ENG0069,1317,EC,ELECTRONICS AND COMMUNICATION ENGINEERING
ENG0069,1317,EE,ELECTRICAL AND ELECTRONICS ENGINEERING
ENG0069,1317,IT,INFORMATION TECHNOLOGY
ENG0069,1317,ME,MECHANICAL ENGINEERING
ENG0069,1317,MZ,Mechatronics Engineering
ENG0069,1317,SC,Computer Science and Engineering (Cyber Security)
ENG0070,1318,AD,Artificial Intelligence and Data Science
ENG0070,1318,AM,COMPUTER SCIENCE AND ENGINEERING (AI AND MACHINE LEARNING)
ENG0070,1318,CE,CIVIL ENGINEERING
ENG0070,1318,CS,COMPUTER SCIENCE AND ENGINEERING
ENG0070,1318,EC,ELECTRONICS AND COMMUNICATION ENGINEERING
ENG0070,1318,EE,ELECTRICAL AND ELECTRONICS ENGINEERING
ENG0070,1318,IT,INFORMATION TECHNOLOGY
ENG0070,1318,ME,MECHANICAL ENGINEERING
ENG0070,1318,SC,Computer Science and Engineering (Cyber Security)
ENG0071,1319,AD,Artificial Intelligence and Data Science
ENG0071,1319,CE,CIVIL ENGINEERING
ENG0071,1319,CS,COMPUTER SCIENCE AND ENGINEERING
ENG0071,1319,EC,ELECTRONICS AND COMMUNICATION ENGINEERING
ENG0071,1319,EE,ELECTRICAL AND ELECTRONICS ENGINEERING
ENG0071,1319,EI,ELECTRONICS AND INSTRUMENTATION ENGINEERING
ENG0071,1319,IT,INFORMATION TECHNOLOGY
ENG0071,1319,ME,MECHANICAL ENGINEERING
ENG0072,1321,MN,MANUFACTURING ENGINEERING
ENG0072,1321,PA,PLASTIC TECHNOLOGY
ENG0073,1322,AD,Artificial Intelligence and Data Science
ENG0073,1322,AE,AERONAUTICAL ENGINEERING
ENG0073,1322,AG,AGRICULTURAL ENGINEERING
ENG0073,1322,AM,COMPUTER SCIENCE AND ENGINEERING (AI AND MACHINE LEARNING)
ENG0073,1322,BM,BIO MEDICAL ENGINEERING
ENG0073,1322,CE,CIVIL ENGINEERING
ENG0073,1322,CI,Computer Science and Engineering (Internet of Things)
ENG0073,1322,CS,COMPUTER SCIENCE AND ENGINEERING
ENG0073,1322,EC,ELECTRONICS AND COMMUNICATION ENGINEERING
ENG0073,1322,EE,ELECTRICAL AND ELECTRONICS ENGINEERING
ENG0073,1322,EF,Electrical and Computer Engineering
ENG0073,1322,ER,ENVIRONMENTAL SCIENCE & TECHNOLOGY
ENG0073,1322,FD,FOOD TECHNOLOGY
ENG0073,1322,IT,INFORMATION TECHNOLOGY
ENG0073,1322,ME,MECHANICAL ENGINEERING
ENG0073,1322,RI,ROBOTICS AND ARTIFICIAL INTELLIGENCE
ENG0073,1322,SC,Computer Science and Engineering (Cyber Security)
ENG0074,1325,AD,Artificial Intelligence and Data Science
ENG0074,1325,CS,COMPUTER SCIENCE AND ENGINEERING
ENG0074,1325,EC,ELECTRONICS AND COMMUNICATION ENGINEERING
ENG0074,1325,IT,INFORMATION TECHNOLOGY
ENG0074,1325,ME,MECHANICAL ENGINEERING
ENG0074,1325,SC,Computer Science and Engineering (Cyber Security)
ENG0075,1333,AD,Artificial Intelligence and Data Science
ENG0075,1333,AM,Computer Science and Engineering (Artificial Intelligence and Machine Learning)
ENG0075,1333,CS,Computer Science and Engineering
ENG0075,1333,EC,Electronics and Communication Engineering
ENG0075,1333,EE,Electrical and Electronics Engineering
ENG0075,1333,ME,Mechanical Engineering
ENG0076,1335,AM,COMPUTER SCIENCE AND ENGINEERING (AI AND MACHINE LEARNING)
ENG0076,1335,CE,CIVIL ENGINEERING
ENG0076,1335,EC,ELECTRONICS AND COMMUNICATION ENGINEERING
ENG0076,1335,EE,ELECTRICAL AND ELECTRONICS ENGINEERING
ENG0076,1335,ME,MECHANICAL ENGINEERING
ENG0076,1335,SC,Computer Science and Engineering (Cyber Security)
ENG0077,1339,AD,Artificial Intelligence and Data Science
ENG0077,1339,AM,COMPUTER SCIENCE AND ENGINEERING (AI AND MACHINE LEARNING)
ENG0077,1339,CS,COMPUTER SCIENCE AND ENGINEERING
ENG0077,1339,EC,ELECTRONICS AND COMMUNICATION ENGINEERING
ENG0077,1339,EE,ELECTRICAL AND ELECTRONICS ENGINEERING
ENG0077,1339,SC,Computer Science and Engineering (Cyber Security)
ENG0078,1399,AD,Artificial Intelligence and Data Science
ENG0078,1399,AM,COMPUTER SCIENCE AND ENGINEERING (AI AND MACHINE LEARNING)
ENG0078,1399,BM,BIO MEDICAL ENGINEERING
ENG0078,1399,CB,COMPUTER SCIENCE AND BUSSINESS SYSTEM
ENG0078,1399,CE,CIVIL ENGINEERING
ENG0078,1399,CS,COMPUTER SCIENCE AND ENGINEERING
ENG0078,1399,EA,Electronics and Communication (Advanced Communication Technology)
ENG0078,1399,EC,ELECTRONICS AND COMMUNICATION ENGINEERING
ENG0078,1399,EE,ELECTRICAL AND ELECTRONICS ENGINEERING
ENG0078,1399,EV,Electronics Engineering (VLSI Design and Technology)
ENG0078,1399,IT,INFORMATION TECHNOLOGY
ENG0078,1399,ME,MECHANICAL ENGINEERING
ENG0078,1399,MZ,Mechatronics Engineering
ENG0078,1399,SC,Computer Science and Engineering (Cyber Security)
ENG0079,1400,DA,Bachelor of Design
ENG0080,1401,AG,AGRICULTURAL ENGINEERING
ENG0080,1401,AM,COMPUTER SCIENCE AND ENGINEERING (AI AND MACHINE LEARNING)
ENG0080,1401,CD,COMPUTER SCIENCE AND DESIGN
ENG0080,1401,CE,CIVIL ENGINEERING
ENG0080,1401,CH,CHEMICAL ENGINEERING
ENG0080,1401,CS,COMPUTER SCIENCE AND ENGINEERING
ENG0080,1401,EC,ELECTRONICS AND COMMUNICATION ENGINEERING
ENG0080,1401,EE,ELECTRICAL AND ELECTRONICS ENGINEERING
ENG0080,1401,IT,INFORMATION TECHNOLOGY
ENG0080,1401,ME,MECHANICAL ENGINEERING
ENG0081,1402,CS,COMPUTER SCIENCE AND ENGINEERING
ENG0081,1402,EC,ELECTRONICS AND COMMUNICATION ENGINEERING
ENG0081,1402,EE,ELECTRICAL AND ELECTRONICS ENGINEERING
ENG0081,1402,ME,MECHANICAL ENGINEERING
ENG0082,1405,AD,Artificial Intelligence and Data Science
ENG0082,1405,AM,COMPUTER SCIENCE AND ENGINEERING (AI AND MACHINE LEARNING)
ENG0082,1405,CS,COMPUTER SCIENCE AND ENGINEERING
ENG0082,1405,EC,ELECTRONICS AND COMMUNICATION ENGINEERING
ENG0082,1405,EE,ELECTRICAL AND ELECTRONICS ENGINEERING
ENG0082,1405,IT,INFORMATION TECHNOLOGY
ENG0082,1405,ME,MECHANICAL ENGINEERING
ENG0082,1405,SC,Computer Science and Engineering (Cyber Security)
ENG0083,1407,AD,Artificial Intelligence and Data Science
ENG0083,1407,AU,AUTOMOBILE ENGINEERING
ENG0083,1407,BM,BIO MEDICAL ENGINEERING
ENG0083,1407,CE,CIVIL ENGINEERING
ENG0083,1407,CS,COMPUTER SCIENCE AND ENGINEERING
ENG0083,1407,EC,ELECTRONICS AND COMMUNICATION ENGINEERING
ENG0083,1407,EE,ELECTRICAL AND ELECTRONICS ENGINEERING
ENG0083,1407,IT,INFORMATION TECHNOLOGY
ENG0083,1407,ME,MECHANICAL ENGINEERING
ENG0083,1407,MR,MARINE ENGINEERING
ENG0083,1407,SC,Computer Science and Engineering (Cyber Security)
ENG0084,1408,AD,Artificial Intelligence and Data Science
ENG0084,1408,AL,Artificial Intelligence and Machine Learning
ENG0084,1408,CS,COMPUTER SCIENCE AND ENGINEERING
ENG0084,1408,EC,ELECTRONICS AND COMMUNICATION ENGINEERING
ENG0084,1408,EE,ELECTRICAL AND ELECTRONICS ENGINEERING
ENG0084,1408,IT,INFORMATION TECHNOLOGY
ENG0084,1408,ME,MECHANICAL ENGINEERING
ENG0084,1408,SC,Computer Science and Engineering (Cyber Security)
ENG0085,1409,AD,Artificial Intelligence and Data Science
ENG0085,1409,AU,AUTOMOBILE ENGINEERING
ENG0085,1409,BM,BIO MEDICAL ENGINEERING
ENG0085,1409,BT,BIO TECHNOLOGY
ENG0085,1409,CE,CIVIL ENGINEERING
ENG0085,1409,CS,COMPUTER SCIENCE AND ENGINEERING
ENG0085,1409,EC,ELECTRONICS AND COMMUNICATION ENGINEERING
ENG0085,1409,EE,ELECTRICAL AND ELECTRONICS ENGINEERING
ENG0085,1409,ME,MECHANICAL ENGINEERING
ENG0085,1409,RM,ROBOTICS AND AUTOMATION
ENG0086,1411,AD,Artificial Intelligence and Data Science
ENG0086,1411,AE,AERONAUTICAL ENGINEERING
ENG0086,1411,AM,COMPUTER SCIENCE AND ENGINEERING (AI AND MACHINE LEARNING)
ENG0086,1411,BM,BIO MEDICAL ENGINEERING
ENG0086,1411,BT,BIO TECHNOLOGY
ENG0086,1411,CB,COMPUTER SCIENCE AND BUSSINESS SYSTEM
ENG0086,1411,CS,COMPUTER SCIENCE AND ENGINEERING
ENG0086,1411,EC,ELECTRONICS AND COMMUNICATION ENGINEERING
ENG0086,1411,EE,ELECTRICAL AND ELECTRONICS ENGINEERING
ENG0086,1411,IT,INFORMATION TECHNOLOGY
ENG0086,1411,ME,MECHANICAL ENGINEERING
ENG0087,1412,AD,Artificial Intelligence and Data Science
ENG0087,1412,CB,COMPUTER SCIENCE AND BUSSINESS SYSTEM
ENG0087,1412,CE,CIVIL ENGINEERING
ENG0087,1412,CS,COMPUTER SCIENCE AND ENGINEERING
ENG0087,1412,EC,ELECTRONICS AND COMMUNICATION ENGINEERING
ENG0087,1412,EE,ELECTRICAL AND ELECTRONICS ENGINEERING
ENG0087,1412,IT,INFORMATION TECHNOLOGY
ENG0087,1412,ME,MECHANICAL ENGINEERING
ENG0088,1413,AD,Artificial Intelligence and Data Science
ENG0088,1413,AM,COMPUTER SCIENCE AND ENGINEERING (AI AND MACHINE LEARNING)
ENG0088,1413,CB,COMPUTER SCIENCE AND BUSSINESS SYSTEM
ENG0088,1413,CD,COMPUTER SCIENCE AND DESIGN
ENG0088,1413,CS,COMPUTER SCIENCE AND ENGINEERING
ENG0088,1413,EA,Electronics and Communication (Advanced Communication Technology)
ENG0088,1413,EC,ELECTRONICS AND COMMUNICATION ENGINEERING
ENG0088,1413,EE,ELECTRICAL AND ELECTRONICS ENGINEERING
ENG0088,1413,EV,Electronics Engineering (VLSI Design and Technology)
ENG0088,1413,IT,INFORMATION TECHNOLOGY
ENG0088,1413,ME,MECHANICAL ENGINEERING
ENG0088,1413,SC,Computer Science and Engineering (Cyber Security)
ENG0089,1414,CE,CIVIL ENGINEERING
ENG0089,1414,CS,COMPUTER SCIENCE AND ENGINEERING
ENG0089,1414,EC,ELECTRONICS AND COMMUNICATION ENGINEERING
ENG0089,1414,EE,ELECTRICAL AND ELECTRONICS ENGINEERING
ENG0089,1414,IT,INFORMATION TECHNOLOGY
ENG0089,1414,ME,MECHANICAL ENGINEERING
ENG0090,1415,CE,CIVIL ENGINEERING
ENG0090,1415,CS,COMPUTER SCIENCE AND ENGINEERING
ENG0090,1415,EC,ELECTRONICS AND COMMUNICATION ENGINEERING
ENG0090,1415,EE,ELECTRICAL AND ELECTRONICS ENGINEERING
ENG0090,1415,ME,MECHANICAL ENGINEERING
ENG0091,1416,AD,Artificial Intelligence and Data Science
ENG0091,1416,BM,BIO MEDICAL ENGINEERING
ENG0091,1416,BT,BIO TECHNOLOGY
ENG0091,1416,CS,COMPUTER SCIENCE AND ENGINEERING
ENG0091,1416,ME,MECHANICAL ENGINEERING
ENG0091,1416,PH,PHARMACEUTICAL TECHNOLOGY
ENG0091,1416,SC,Computer Science and Engineering (Cyber Security)
ENG0092,1419,AD,Artificial Intelligence and Data Science
ENG0092,1419,AM,COMPUTER SCIENCE AND ENGINEERING (AI AND MACHINE LEARNING)
ENG0092,1419,CB,COMPUTER SCIENCE AND BUSSINESS SYSTEM
ENG0092,1419,CE,CIVIL ENGINEERING
ENG0092,1419,CI,Computer Science and Engineering (Internet of Things)
ENG0092,1419,CJ,M.Tech. Computer Science and Engineering (Integrated 5 years)
ENG0092,1419,CO,COMPUTER AND COMMUNICATION ENGINEERING
ENG0092,1419,CS,COMPUTER SCIENCE AND ENGINEERING
ENG0092,1419,EC,ELECTRONICS AND COMMUNICATION ENGINEERING
ENG0092,1419,EE,ELECTRICAL AND ELECTRONICS ENGINEERING
ENG0092,1419,EI,ELECTRONICS AND INSTRUMENTATION ENGINEERING
ENG0092,1419,IT,INFORMATION TECHNOLOGY
ENG0092,1419,ME,MECHANICAL ENGINEERING
ENG0092,1419,MZ,Mechatronics Engineering
ENG0092,1419,SC,Computer Science and Engineering (Cyber Security)
ENG0093,1420,AD,Artificial Intelligence and Data Science
ENG0093,1420,AE,AERONAUTICAL ENGINEERING
ENG0093,1420,CS,COMPUTER SCIENCE AND ENGINEERING
ENG0093,1420,EC,ELECTRONICS AND COMMUNICATION ENGINEERING
ENG0093,1420,IT,INFORMATION TECHNOLOGY
ENG0093,1420,ME,MECHANICAL ENGINEERING
ENG0093,1420,SC,Computer Science and Engineering (Cyber Security)
ENG0094,1421,CE,CIVIL ENGINEERING
ENG0094,1421,CS,COMPUTER SCIENCE AND ENGINEERING
ENG0094,1421,EC,ELECTRONICS AND COMMUNICATION ENGINEERING
ENG0094,1421,EE,ELECTRICAL AND ELECTRONICS ENGINEERING
ENG0094,1421,IT,INFORMATION TECHNOLOGY
ENG0094,1421,ME,MECHANICAL ENGINEERING
ENG0095,1422,AD,Artificial Intelligence and Data Science
ENG0095,1422,AG,AGRICULTURAL ENGINEERING
ENG0095,1422,CE,CIVIL ENGINEERING
ENG0095,1422,CS,COMPUTER SCIENCE AND ENGINEERING
ENG0095,1422,CY,Cyber Security
ENG0095,1422,EC,ELECTRONICS AND COMMUNICATION ENGINEERING
ENG0095,1422,EE,ELECTRICAL AND ELECTRONICS ENGINEERING
ENG0095,1422,EI,ELECTRONICS AND INSTRUMENTATION ENGINEERING
ENG0095,1422,IT,INFORMATION TECHNOLOGY
ENG0095,1422,MD,MEDICAL ELECTRONICS ENGINEERING
ENG0095,1422,ME,MECHANICAL ENGINEERING
ENG0096,1423,AD,Artificial Intelligence and Data Science
ENG0096,1423,CS,COMPUTER SCIENCE AND ENGINEERING
ENG0096,1423,EC,ELECTRONICS AND COMMUNICATION ENGINEERING
ENG0096,1423,IT,INFORMATION TECHNOLOGY
ENG0096,1423,ME,MECHANICAL ENGINEERING
ENG0096,1423,SC,Computer Science and Engineering (Cyber Security)
ENG0097,1424,AD,Artificial Intelligence and Data Science
ENG0097,1424,CB,COMPUTER SCIENCE AND BUSSINESS SYSTEM
ENG0097,1424,CS,COMPUTER SCIENCE AND ENGINEERING
ENG0097,1424,EC,ELECTRONICS AND COMMUNICATION ENGINEERING
ENG0097,1424,EE,ELECTRICAL AND ELECTRONICS ENGINEERING
ENG0097,1424,PE,PETROLEUM ENGINEERING
ENG0097,1424,RM,ROBOTICS AND AUTOMATION
ENG0098,1426,AD,Artificial Intelligence and Data Science
ENG0098,1426,CB,COMPUTER SCIENCE AND BUSSINESS SYSTEM
ENG0098,1426,CS,COMPUTER SCIENCE AND ENGINEERING
ENG0098,1426,EC,ELECTRONICS AND COMMUNICATION ENGINEERING
ENG0098,1426,EE,ELECTRICAL AND ELECTRONICS ENGINEERING
ENG0098,1426,IT,INFORMATION TECHNOLOGY
ENG0098,1426,ME,MECHANICAL ENGINEERING
ENG0099,1427,AD,Artificial Intelligence and Data Science
ENG0099,1427,CS,COMPUTER SCIENCE AND ENGINEERING
ENG0099,1427,EC,ELECTRONICS AND COMMUNICATION ENGINEERING
ENG0099,1427,EE,ELECTRICAL AND ELECTRONICS ENGINEERING
ENG0099,1427,FT,FASHION TECHNOLOGY
ENG0099,1427,IT,INFORMATION TECHNOLOGY
ENG0100,1428,AD,Artificial Intelligence and Data Science
ENG0100,1428,CS,COMPUTER SCIENCE AND ENGINEERING
ENG0100,1428,EC,ELECTRONICS AND COMMUNICATION ENGINEERING
ENG0100,1428,IT,INFORMATION TECHNOLOGY
ENG0101,1430,AD,Artificial Intelligence and Data Science
ENG0101,1430,CE,CIVIL ENGINEERING
ENG0101,1430,CS,COMPUTER SCIENCE AND ENGINEERING
ENG0101,1430,EC,ELECTRONICS AND COMMUNICATION ENGINEERING
ENG0101,1430,EE,ELECTRICAL AND ELECTRONICS ENGINEERING
ENG0101,1430,ME,MECHANICAL ENGINEERING
ENG0102,1431,AD,Artificial Intelligence and Data Science
ENG0102,1431,CS,COMPUTER SCIENCE AND ENGINEERING
ENG0102,1431,EC,ELECTRONICS AND COMMUNICATION ENGINEERING
ENG0102,1431,EE,ELECTRICAL AND ELECTRONICS ENGINEERING
ENG0102,1431,IT,INFORMATION TECHNOLOGY
ENG0102,1431,ME,MECHANICAL ENGINEERING
ENG0102,1431,SC,Computer Science and Engineering (Cyber Security)
ENG0103,1432,AD,Artificial Intelligence and Data Science
ENG0103,1432,AM,COMPUTER SCIENCE AND ENGINEERING (AI AND MACHINE LEARNING)
ENG0103,1432,BT,BIO TECHNOLOGY
ENG0103,1432,CB,COMPUTER SCIENCE AND BUSSINESS SYSTEM
ENG0103,1432,CO,COMPUTER AND COMMUNICATION ENGINEERING
ENG0103,1432,CS,COMPUTER SCIENCE AND ENGINEERING
ENG0103,1432,EC,ELECTRONICS AND COMMUNICATION ENGINEERING
ENG0103,1432,EV,Electronics Engineering (VLSI Design and Technology)
ENG0103,1432,ME,MECHANICAL ENGINEERING
ENG0104,1434,AD,Artificial Intelligence and Data Science
ENG0104,1434,AE,AERONAUTICAL ENGINEERING
ENG0104,1434,AG,AGRICULTURAL ENGINEERING
ENG0104,1434,AU,AUTOMOBILE ENGINEERING
ENG0104,1434,CE,CIVIL ENGINEERING
ENG0104,1434,CS,COMPUTER SCIENCE AND ENGINEERING
ENG0104,1434,EC,ELECTRONICS AND COMMUNICATION ENGINEERING
ENG0104,1434,EE,ELECTRICAL AND ELECTRONICS ENGINEERING
ENG0104,1434,ME,MECHANICAL ENGINEERING
ENG0104,1434,SC,Computer Science and Engineering (Cyber Security)
ENG0105,1436,AD,Artificial Intelligence and Data Science
ENG0105,1436,CE,CIVIL ENGINEERING
ENG0105,1436,CS,COMPUTER SCIENCE AND ENGINEERING
ENG0105,1436,EC,ELECTRONICS AND COMMUNICATION ENGINEERING
ENG0105,1436,EE,ELECTRICAL AND ELECTRONICS ENGINEERING
ENG0105,1436,ME,MECHANICAL ENGINEERING
ENG0106,1437,AD,Artificial Intelligence and Data Science
ENG0106,1437,CE,CIVIL ENGINEERING
ENG0106,1437,CS,COMPUTER SCIENCE AND ENGINEERING
ENG0106,1437,EC,ELECTRONICS AND COMMUNICATION ENGINEERING
ENG0106,1437,EE,ELECTRICAL AND ELECTRONICS ENGINEERING
ENG0106,1437,IT,INFORMATION TECHNOLOGY
ENG0106,1437,ME,MECHANICAL ENGINEERING
ENG0106,1437,SC,Computer Science and Engineering (Cyber Security)
ENG0107,1438,CE,CIVIL ENGINEERING
ENG0107,1438,CS,COMPUTER SCIENCE AND ENGINEERING
ENG0107,1438,EC,ELECTRONICS AND COMMUNICATION ENGINEERING
ENG0107,1438,EE,ELECTRICAL AND ELECTRONICS ENGINEERING
ENG0107,1438,ME,MECHANICAL ENGINEERING
ENG0108,1441,AD,Artificial Intelligence and Data Science
ENG0108,1441,CE,CIVIL ENGINEERING
ENG0108,1441,CS,COMPUTER SCIENCE AND ENGINEERING
ENG0108,1441,EC,ELECTRONICS AND COMMUNICATION ENGINEERING
ENG0108,1441,EE,ELECTRICAL AND ELECTRONICS ENGINEERING
ENG0108,1441,IT,INFORMATION TECHNOLOGY
ENG0108,1441,ME,MECHANICAL ENGINEERING
ENG0109,1442,AD,Artificial Intelligence and Data Science
ENG0109,1442,CS,COMPUTER SCIENCE AND ENGINEERING
ENG0109,1442,SC,Computer Science and Engineering (Cyber Security)
ENG0110,1444,AD,Artificial Intelligence and Data Science
ENG0110,1444,CE,CIVIL ENGINEERING
ENG0110,1444,CS,COMPUTER SCIENCE AND ENGINEERING
ENG0110,1444,EC,ELECTRONICS AND COMMUNICATION ENGINEERING
ENG0110,1444,ME,MECHANICAL ENGINEERING
ENG0110,1444,SC,Computer Science and Engineering (Cyber Security)
ENG0111,1445,AD,Artificial Intelligence and Data Science
ENG0111,1445,CE,CIVIL ENGINEERING
ENG0111,1445,CS,COMPUTER SCIENCE AND ENGINEERING
ENG0111,1445,EC,ELECTRONICS AND COMMUNICATION ENGINEERING
ENG0111,1445,EE,ELECTRICAL AND ELECTRONICS ENGINEERING
ENG0111,1445,ME,MECHANICAL ENGINEERING
ENG0111,1445,SC,Computer Science and Engineering (Cyber Security)
ENG0112,1449,AD,Artificial Intelligence and Data Science
ENG0112,1449,AG,AGRICULTURAL ENGINEERING
ENG0112,1449,CE,CIVIL ENGINEERING
ENG0112,1449,CS,COMPUTER SCIENCE AND ENGINEERING
ENG0112,1449,EC,ELECTRONICS AND COMMUNICATION ENGINEERING
ENG0112,1449,IT,INFORMATION TECHNOLOGY
ENG0112,1449,ME,MECHANICAL ENGINEERING
ENG0113,1450,AD,Artificial Intelligence and Data Science
ENG0113,1450,CS,COMPUTER SCIENCE AND ENGINEERING
ENG0113,1450,EC,ELECTRONICS AND COMMUNICATION ENGINEERING
ENG0113,1450,EE,ELECTRICAL AND ELECTRONICS ENGINEERING
ENG0113,1450,IT,INFORMATION TECHNOLOGY
ENG0113,1450,ME,MECHANICAL ENGINEERING
ENG0114,1452,AD,Artificial Intelligence and Data Science
ENG0114,1452,AM,COMPUTER SCIENCE AND ENGINEERING (AI AND MACHINE LEARNING)
ENG0114,1452,CA,COMPUTER SCIENCE AND ENGINEERING(ARTIFICIAL INTELLIGENCE)
ENG0114,1452,CB,COMPUTER SCIENCE AND BUSSINESS SYSTEM
ENG0114,1452,CD,COMPUTER SCIENCE AND DESIGN
ENG0114,1452,CE,CIVIL ENGINEERING
ENG0114,1452,CF,COMPUTER SCIENCE AND ENGINEERING (DATA SCIENCE)
ENG0114,1452,CS,COMPUTER SCIENCE AND ENGINEERING
ENG0114,1452,EC,ELECTRONICS AND COMMUNICATION ENGINEERING
ENG0114,1452,EE,ELECTRICAL AND ELECTRONICS ENGINEERING
ENG0114,1452,IT,INFORMATION TECHNOLOGY
ENG0114,1452,ME,MECHANICAL ENGINEERING
ENG0114,1452,RI,ROBOTICS AND ARTIFICIAL INTELLIGENCE
ENG0114,1452,SC,Computer Science and Engineering (Cyber Security)
ENG0115,1501,AD,Artificial Intelligence and Data Science
ENG0115,1501,CE,CIVIL ENGINEERING
ENG0115,1501,CS,COMPUTER SCIENCE AND ENGINEERING
ENG0115,1501,EC,ELECTRONICS AND COMMUNICATION ENGINEERING
ENG0115,1501,EE,ELECTRICAL AND ELECTRONICS ENGINEERING
ENG0115,1501,IT,INFORMATION TECHNOLOGY
ENG0115,1501,ME,MECHANICAL ENGINEERING
ENG0115,1501,SC,Computer Science and Engineering (Cyber Security)
ENG0116,1503,AD,Artificial Intelligence and Data Science
ENG0116,1503,CE,CIVIL ENGINEERING
ENG0116,1503,CS,COMPUTER SCIENCE AND ENGINEERING
ENG0116,1503,EC,ELECTRONICS AND COMMUNICATION ENGINEERING
ENG0116,1503,EE,ELECTRICAL AND ELECTRONICS ENGINEERING
ENG0116,1503,IT,INFORMATION TECHNOLOGY
ENG0116,1503,ME,MECHANICAL ENGINEERING
ENG0117,1504,AD,Artificial Intelligence and Data Science
ENG0117,1504,AG,AGRICULTURAL ENGINEERING
ENG0117,1504,AM,COMPUTER SCIENCE AND ENGINEERING (AI AND MACHINE LEARNING)
ENG0117,1504,BT,BIO TECHNOLOGY
ENG0117,1504,CE,CIVIL ENGINEERING
ENG0117,1504,CH,CHEMICAL ENGINEERING
ENG0117,1504,CS,COMPUTER SCIENCE AND ENGINEERING
ENG0117,1504,EC,ELECTRONICS AND COMMUNICATION ENGINEERING
ENG0117,1504,EE,ELECTRICAL AND ELECTRONICS ENGINEERING
ENG0117,1504,IT,INFORMATION TECHNOLOGY
ENG0117,1504,ME,MECHANICAL ENGINEERING
ENG0117,1504,SC,Computer Science and Engineering (Cyber Security)
ENG0118,1505,AD,Artificial Intelligence and Data Science
ENG0118,1505,AM,COMPUTER SCIENCE AND ENGINEERING (AI AND MACHINE LEARNING)
ENG0118,1505,CS,COMPUTER SCIENCE AND ENGINEERING
ENG0118,1505,EC,ELECTRONICS AND COMMUNICATION ENGINEERING
ENG0118,1505,EE,ELECTRICAL AND ELECTRONICS ENGINEERING
ENG0118,1505,IT,INFORMATION TECHNOLOGY
ENG0118,1505,ME,MECHANICAL ENGINEERING
ENG0119,1507,AD,Artificial Intelligence and Data Science
ENG0119,1507,CB,COMPUTER SCIENCE AND BUSSINESS SYSTEM
ENG0119,1507,CS,COMPUTER SCIENCE AND ENGINEERING
ENG0119,1507,EC,ELECTRONICS AND COMMUNICATION ENGINEERING
ENG0119,1507,EE,ELECTRICAL AND ELECTRONICS ENGINEERING
ENG0119,1507,IT,INFORMATION TECHNOLOGY
ENG0119,1507,ME,MECHANICAL ENGINEERING
ENG0119,1507,SC,Computer Science and Engineering (Cyber Security)
ENG0120,1509,AD,Artificial Intelligence and Data Science
ENG0120,1509,AM,COMPUTER SCIENCE AND ENGINEERING (AI AND MACHINE LEARNING)
ENG0120,1509,CB,COMPUTER SCIENCE AND BUSSINESS SYSTEM
ENG0120,1509,CE,CIVIL ENGINEERING
ENG0120,1509,CS,COMPUTER SCIENCE AND ENGINEERING
ENG0120,1509,EC,ELECTRONICS AND COMMUNICATION ENGINEERING
ENG0120,1509,EE,ELECTRICAL AND ELECTRONICS ENGINEERING
ENG0120,1509,EI,ELECTRONICS AND INSTRUMENTATION ENGINEERING
ENG0120,1509,IT,INFORMATION TECHNOLOGY
ENG0120,1509,ME,MECHANICAL ENGINEERING
ENG0121,1510,AD,Artificial Intelligence and Data Science
ENG0121,1510,CE,CIVIL ENGINEERING
ENG0121,1510,CS,COMPUTER SCIENCE AND ENGINEERING
ENG0121,1510,EC,ELECTRONICS AND COMMUNICATION ENGINEERING
ENG0121,1510,EE,ELECTRICAL AND ELECTRONICS ENGINEERING
ENG0121,1510,IT,INFORMATION TECHNOLOGY
ENG0121,1510,ME,MECHANICAL ENGINEERING
ENG0122,1511,CE,CIVIL ENGINEERING
ENG0122,1511,CS,COMPUTER SCIENCE AND ENGINEERING
ENG0122,1511,EC,ELECTRONICS AND COMMUNICATION ENGINEERING
ENG0122,1511,EE,ELECTRICAL AND ELECTRONICS ENGINEERING
ENG0122,1511,ME,MECHANICAL ENGINEERING
ENG0123,1512,AD,Artificial Intelligence and Data Science
ENG0123,1512,AM,COMPUTER SCIENCE AND ENGINEERING (AI AND MACHINE LEARNING)
ENG0123,1512,CE,CIVIL ENGINEERING
ENG0123,1512,CS,COMPUTER SCIENCE AND ENGINEERING
ENG0123,1512,EC,ELECTRONICS AND COMMUNICATION ENGINEERING
ENG0123,1512,EE,ELECTRICAL AND ELECTRONICS ENGINEERING
ENG0123,1512,IT,INFORMATION TECHNOLOGY
ENG0123,1512,ME,MECHANICAL ENGINEERING
ENG0123,1512,SC,Computer Science and Engineering (Cyber Security)
ENG0124,1513,AD,Artificial Intelligence and Data Science
ENG0124,1513,CB,COMPUTER SCIENCE AND BUSSINESS SYSTEM
ENG0124,1513,CS,COMPUTER SCIENCE AND ENGINEERING
ENG0124,1513,EC,ELECTRONICS AND COMMUNICATION ENGINEERING
ENG0124,1513,IT,INFORMATION TECHNOLOGY
ENG0125,1516,CE,CIVIL ENGINEERING
ENG0125,1516,CS,COMPUTER SCIENCE AND ENGINEERING
ENG0125,1516,EC,ELECTRONICS AND COMMUNICATION ENGINEERING
ENG0125,1516,EE,ELECTRICAL AND ELECTRONICS ENGINEERING
ENG0125,1516,ME,MECHANICAL ENGINEERING
ENG0125,1516,RM,ROBOTICS AND AUTOMATION
ENG0126,1517,AD,Artificial Intelligence and Data Science
ENG0126,1517,AG,AGRICULTURAL ENGINEERING
ENG0126,1517,CE,CIVIL ENGINEERING
ENG0126,1517,CS,COMPUTER SCIENCE AND ENGINEERING
ENG0126,1517,EC,ELECTRONICS AND COMMUNICATION ENGINEERING
ENG0126,1517,EE,ELECTRICAL AND ELECTRONICS ENGINEERING
ENG0126,1517,IT,INFORMATION TECHNOLOGY
ENG0126,1517,ME,MECHANICAL ENGINEERING
ENG0127,1518,AM,COMPUTER SCIENCE AND ENGINEERING (AI AND MACHINE LEARNING)
ENG0127,1518,CE,CIVIL ENGINEERING
ENG0127,1518,CS,COMPUTER SCIENCE AND ENGINEERING
ENG0127,1518,EC,ELECTRONICS AND COMMUNICATION ENGINEERING
ENG0127,1518,EE,ELECTRICAL AND ELECTRONICS ENGINEERING
ENG0127,1518,EI,ELECTRONICS AND INSTRUMENTATION ENGINEERING
ENG0127,1518,IT,INFORMATION TECHNOLOGY
ENG0127,1518,ME,MECHANICAL ENGINEERING
ENG0128,1519,AD,Artificial Intelligence and Data Science
ENG0128,1519,CS,COMPUTER SCIENCE AND ENGINEERING
ENG0128,1519,EC,ELECTRONICS AND COMMUNICATION ENGINEERING
ENG0128,1519,EE,ELECTRICAL AND ELECTRONICS ENGINEERING
ENG0128,1519,IT,INFORMATION TECHNOLOGY
ENG0128,1519,ME,MECHANICAL ENGINEERING
ENG0129,1520,AD,Artificial Intelligence and Data Science
ENG0129,1520,AM,COMPUTER SCIENCE AND ENGINEERING (AI AND MACHINE LEARNING)
ENG0129,1520,CB,COMPUTER SCIENCE AND BUSSINESS SYSTEM
ENG0129,1520,CS,COMPUTER SCIENCE AND ENGINEERING
ENG0129,1520,EC,ELECTRONICS AND COMMUNICATION ENGINEERING
ENG0129,1520,IT,INFORMATION TECHNOLOGY
ENG0129,1520,ME,MECHANICAL ENGINEERING
ENG0130,1523,AD,Artificial Intelligence and Data Science
ENG0130,1523,AM,COMPUTER SCIENCE AND ENGINEERING (AI AND MACHINE LEARNING)
ENG0130,1523,CS,COMPUTER SCIENCE AND ENGINEERING
ENG0130,1523,EC,ELECTRONICS AND COMMUNICATION ENGINEERING
ENG0130,1523,EE,ELECTRICAL AND ELECTRONICS ENGINEERING
ENG0130,1523,IT,INFORMATION TECHNOLOGY
ENG0130,1523,ME,MECHANICAL ENGINEERING
ENG0131,1524,CE,CIVIL ENGINEERING
ENG0131,1524,CS,COMPUTER SCIENCE AND ENGINEERING
ENG0131,1524,EC,ELECTRONICS AND COMMUNICATION ENGINEERING
ENG0131,1524,EE,ELECTRICAL AND ELECTRONICS ENGINEERING
ENG0131,1524,IT,INFORMATION TECHNOLOGY
ENG0131,1524,ME,MECHANICAL ENGINEERING
ENG0132,1525,AD,Artificial Intelligence and Data Science
ENG0132,1525,CS,COMPUTER SCIENCE AND ENGINEERING
ENG0132,1525,EC,ELECTRONICS AND COMMUNICATION ENGINEERING
ENG0132,1525,EE,ELECTRICAL AND ELECTRONICS ENGINEERING
ENG0132,1525,IT,INFORMATION TECHNOLOGY
ENG0132,1525,ME,MECHANICAL ENGINEERING
ENG0133,1526,CE,CIVIL ENGINEERING
ENG0133,1526,CS,COMPUTER SCIENCE AND ENGINEERING
ENG0133,1526,EC,ELECTRONICS AND COMMUNICATION ENGINEERING
ENG0133,1526,EE,ELECTRICAL AND ELECTRONICS ENGINEERING
ENG0133,1526,ME,MECHANICAL ENGINEERING
ENG0134,1529,CE,CIVIL ENGINEERING
ENG0134,1529,CS,COMPUTER SCIENCE AND ENGINEERING
ENG0134,1529,EC,ELECTRONICS AND COMMUNICATION ENGINEERING
ENG0134,1529,EE,ELECTRICAL AND ELECTRONICS ENGINEERING
ENG0134,1529,ME,MECHANICAL ENGINEERING
ENG0135,1605,CS,COMPUTER SCIENCE AND ENGINEERING
ENG0135,1605,EC,ELECTRONICS AND COMMUNICATION ENGINEERING
ENG0135,1605,EE,ELECTRICAL AND ELECTRONICS ENGINEERING
ENG0135,1605,IT,INFORMATION TECHNOLOGY
ENG0136,2005,AM,COMPUTER SCIENCE AND ENGINEERING (AI AND MACHINE LEARNING)
ENG0136,2005,CE,CIVIL ENGINEERING
ENG0136,2005,CS,COMPUTER SCIENCE AND ENGINEERING
ENG0136,2005,EC,ELECTRONICS AND COMMUNICATION ENGINEERING
ENG0136,2005,EE,ELECTRICAL AND ELECTRONICS ENGINEERING
ENG0136,2005,EI,ELECTRONICS AND INSTRUMENTATION ENGINEERING
ENG0136,2005,IB,INDUSTRIAL BIO TECHNOLOGY
ENG0136,2005,IT,INFORMATION TECHNOLOGY
ENG0136,2005,ME,MECHANICAL ENGINEERING
ENG0136,2005,PR,PRODUCTION ENGINEERING
ENG0137,2006,AS,AUTOMOBILE ENGINEERING (SS)
ENG0137,2006,BS,BIO TECHNOLOGY (SS)
ENG0137,2006,BY,BIO MEDICAL ENGINEERING (SS)
ENG0137,2006,CE,CIVIL ENGINEERING
ENG0137,2006,CG,Computer Science and Engineering (Artificial Intelligence and Machine Learning) (SS)
ENG0137,2006,CM,COMPUTER SCIENCE AND ENGINEERING (SS)
ENG0137,2006,CN,CIVIL ENGINEERING (SS)
ENG0137,2006,EC,ELECTRONICS AND COMMUNICATION ENGINEERING
ENG0137,2006,EE,ELECTRICAL AND ELECTRONICS ENGINEERING
ENG0137,2006,EM,ELECTRONICS AND COMMUNICATION ENGINEERING (SS)
ENG0137,2006,EY,ELECTRICAL AND ELECTRONICS ENGINEERING (SS)
ENG0137,2006,FY,FASHION TECHNOLOGY (SS)
ENG0137,2006,IM,INFORMATION TECHNOLOGY (SS)
ENG0137,2006,IY,INSTRUMENTATION AND CONTROL ENGINEERING (SS)
ENG0137,2006,ME,MECHANICAL ENGINEERING
ENG0137,2006,MF,MECHANICAL ENGINEERING (SS)
ENG0137,2006,MS,MECHANICAL ENGINEERING (SANDWICH) (SS)
ENG0137,2006,MT,METALLURGICAL ENGINEERING
ENG0137,2006,MY,METALLURGICAL ENGINEERING (SS)
ENG0137,2006,PN,PRODUCTION ENGINEERING (SS)
ENG0137,2006,PR,PRODUCTION ENGINEERING
ENG0137,2006,RA,ROBOTICS AND AUTOMATION (SS)
ENG0137,2006,TT,TEXTILE TECHNOLOGY (SS)
ENG0137,2006,TX,TEXTILE TECHNOLOGY
ENG0138,2007,AT,ARTIFICIAL INTELLIGENCE AND DATA SCIENCE (SS)
ENG0138,2007,CE,CIVIL ENGINEERING
ENG0138,2007,CH,CHEMICAL ENGINEERING
ENG0138,2007,CL,CHEMICAL ENGINEERING (SS)
ENG0138,2007,CM,COMPUTER SCIENCE AND ENGINEERING (SS)
ENG0138,2007,CN,CIVIL ENGINEERING (SS)
ENG0138,2007,CS,COMPUTER SCIENCE AND ENGINEERING
ENG0138,2007,EC,ELECTRONICS AND COMMUNICATION ENGINEERING
ENG0138,2007,EE,ELECTRICAL AND ELECTRONICS ENGINEERING
ENG0138,2007,EM,ELECTRONICS AND COMMUNICATION ENGINEERING (SS)
ENG0138,2007,EY,ELECTRICAL AND ELECTRONICS ENGINEERING (SS)
ENG0138,2007,IM,INFORMATION TECHNOLOGY (SS)
ENG0138,2007,ME,MECHANICAL ENGINEERING
ENG0138,2007,MF,MECHANICAL ENGINEERING (SS)
ENG0139,2025,AD,Artificial Intelligence and Data Science
ENG0139,2025,CS,COMPUTER SCIENCE AND ENGINEERING
ENG0139,2025,EC,ELECTRONICS AND COMMUNICATION ENGINEERING
ENG0139,2025,EE,ELECTRICAL AND ELECTRONICS ENGINEERING
ENG0139,2025,EV,Electronics Engineering (VLSI Design and Technology)
ENG0139,2025,ME,MECHANICAL ENGINEERING
ENG0140,2302,AD,Artificial Intelligence and Data Science
ENG0140,2302,AG,AGRICULTURAL ENGINEERING
ENG0140,2302,BM,BIO MEDICAL ENGINEERING
ENG0140,2302,CS,COMPUTER SCIENCE AND ENGINEERING
ENG0140,2302,EC,ELECTRONICS AND COMMUNICATION ENGINEERING
ENG0140,2302,IT,INFORMATION TECHNOLOGY
ENG0140,2302,ME,MECHANICAL ENGINEERING
ENG0140,2302,SC,Computer Science and Engineering (Cyber Security)
ENG0141,2327,AD,Artificial Intelligence and Data Science
ENG0141,2327,CE,CIVIL ENGINEERING
ENG0141,2327,CS,COMPUTER SCIENCE AND ENGINEERING
ENG0141,2327,EC,ELECTRONICS AND COMMUNICATION ENGINEERING
ENG0141,2327,EE,ELECTRICAL AND ELECTRONICS ENGINEERING
ENG0141,2327,IT,INFORMATION TECHNOLOGY
ENG0141,2327,ME,MECHANICAL ENGINEERING
ENG0142,2329,AD,Artificial Intelligence and Data Science
ENG0142,2329,AG,AGRICULTURAL ENGINEERING
ENG0142,2329,AM,COMPUTER SCIENCE AND ENGINEERING (AI AND MACHINE LEARNING)
ENG0142,2329,BT,BIO TECHNOLOGY
ENG0142,2329,CS,COMPUTER SCIENCE AND ENGINEERING
ENG0142,2329,EC,ELECTRONICS AND COMMUNICATION ENGINEERING
ENG0142,2329,IT,INFORMATION TECHNOLOGY
ENG0142,2329,ME,MECHANICAL ENGINEERING
ENG0142,2329,MZ,Mechatronics Engineering
ENG0142,2329,SC,Computer Science and Engineering (Cyber Security)
ENG0142,2329,XS,COMPUTER SCIENCE AND ENGINEERING (TAMIL)
ENG0143,2332,AD,Artificial Intelligence and Data Science
ENG0143,2332,CE,CIVIL ENGINEERING
ENG0143,2332,CS,COMPUTER SCIENCE AND ENGINEERING
ENG0143,2332,EC,ELECTRONICS AND COMMUNICATION ENGINEERING
ENG0143,2332,EE,ELECTRICAL AND ELECTRONICS ENGINEERING
ENG0143,2332,ME,MECHANICAL ENGINEERING
ENG0144,2338,AD,Artificial Intelligence and Data Science
ENG0144,2338,AG,AGRICULTURAL ENGINEERING
ENG0144,2338,BM,BIO MEDICAL ENGINEERING
ENG0144,2338,CS,COMPUTER SCIENCE AND ENGINEERING
ENG0144,2338,EE,ELECTRICAL AND ELECTRONICS ENGINEERING
ENG0144,2338,IT,INFORMATION TECHNOLOGY
ENG0144,2338,ME,MECHANICAL ENGINEERING
ENG0145,2341,AD,Artificial Intelligence and Data Science
ENG0145,2341,BM,BIO MEDICAL ENGINEERING
ENG0145,2341,CE,CIVIL ENGINEERING
ENG0145,2341,CS,COMPUTER SCIENCE AND ENGINEERING
ENG0145,2341,EC,ELECTRONICS AND COMMUNICATION ENGINEERING
ENG0145,2341,EE,ELECTRICAL AND ELECTRONICS ENGINEERING
ENG0145,2341,IT,INFORMATION TECHNOLOGY
ENG0145,2341,ME,MECHANICAL ENGINEERING
ENG0146,2342,AD,Artificial Intelligence and Data Science
ENG0146,2342,CE,CIVIL ENGINEERING
ENG0146,2342,CS,COMPUTER SCIENCE AND ENGINEERING
ENG0146,2342,EC,ELECTRONICS AND COMMUNICATION ENGINEERING
ENG0146,2342,EE,ELECTRICAL AND ELECTRONICS ENGINEERING
ENG0146,2342,IT,INFORMATION TECHNOLOGY
ENG0146,2342,ME,MECHANICAL ENGINEERING
ENG0147,2343,HT,HANDLOOM AND TEXTILE TECHNOLOGY
ENG0148,2345,AD,Artificial Intelligence and Data Science
ENG0148,2345,AG,AGRICULTURAL ENGINEERING
ENG0148,2345,CE,CIVIL ENGINEERING
ENG0148,2345,CS,COMPUTER SCIENCE AND ENGINEERING
ENG0148,2345,EC,ELECTRONICS AND COMMUNICATION ENGINEERING
ENG0148,2345,EE,ELECTRICAL AND ELECTRONICS ENGINEERING
ENG0148,2345,IT,INFORMATION TECHNOLOGY
ENG0148,2345,ME,MECHANICAL ENGINEERING
ENG0148,2345,RM,ROBOTICS AND AUTOMATION
ENG0149,2346,AD,Artificial Intelligence and Data Science
ENG0149,2346,BM,BIO MEDICAL ENGINEERING
ENG0149,2346,CS,COMPUTER SCIENCE AND ENGINEERING
ENG0149,2346,EC,ELECTRONICS AND COMMUNICATION ENGINEERING
ENG0149,2346,EE,ELECTRICAL AND ELECTRONICS ENGINEERING
ENG0149,2346,IT,INFORMATION TECHNOLOGY
ENG0149,2346,ME,MECHANICAL ENGINEERING
ENG0150,2347,AD,Artificial Intelligence and Data Science
ENG0150,2347,AG,AGRICULTURAL ENGINEERING
ENG0150,2347,CS,COMPUTER SCIENCE AND ENGINEERING
ENG0150,2347,EC,ELECTRONICS AND COMMUNICATION ENGINEERING
ENG0150,2347,EE,ELECTRICAL AND ELECTRONICS ENGINEERING
ENG0150,2347,IT,INFORMATION TECHNOLOGY
ENG0150,2347,ME,MECHANICAL ENGINEERING
ENG0151,2349,AD,Artificial Intelligence and Data Science
ENG0151,2349,AM,COMPUTER SCIENCE AND ENGINEERING (AI AND MACHINE LEARNING)
ENG0151,2349,BM,BIO MEDICAL ENGINEERING
ENG0151,2349,CS,COMPUTER SCIENCE AND ENGINEERING
ENG0151,2349,EC,ELECTRONICS AND COMMUNICATION ENGINEERING
ENG0151,2349,FD,FOOD TECHNOLOGY
ENG0151,2349,IT,INFORMATION TECHNOLOGY
ENG0151,2349,RM,ROBOTICS AND AUTOMATION
ENG0151,2349,SC,Computer Science and Engineering (Cyber Security)
ENG0152,2350,CE,CIVIL ENGINEERING
ENG0152,2350,CS,COMPUTER SCIENCE AND ENGINEERING
ENG0152,2350,EC,ELECTRONICS AND COMMUNICATION ENGINEERING
ENG0152,2350,EE,ELECTRICAL AND ELECTRONICS ENGINEERING
ENG0152,2350,ME,MECHANICAL ENGINEERING
ENG0153,2354,AD,Artificial Intelligence and Data Science
ENG0153,2354,CE,CIVIL ENGINEERING
ENG0153,2354,CS,COMPUTER SCIENCE AND ENGINEERING
ENG0153,2354,EC,ELECTRONICS AND COMMUNICATION ENGINEERING
ENG0153,2354,EE,ELECTRICAL AND ELECTRONICS ENGINEERING
ENG0153,2354,IT,INFORMATION TECHNOLOGY
ENG0153,2354,ME,MECHANICAL ENGINEERING
ENG0154,2356,AD,Artificial Intelligence and Data Science
ENG0154,2356,CS,COMPUTER SCIENCE AND ENGINEERING
ENG0154,2356,EC,ELECTRONICS AND COMMUNICATION ENGINEERING
ENG0154,2356,EE,ELECTRICAL AND ELECTRONICS ENGINEERING
ENG0154,2356,ME,MECHANICAL ENGINEERING
ENG0155,2357,AD,Artificial Intelligence and Data Science
ENG0155,2357,AG,AGRICULTURAL ENGINEERING
ENG0155,2357,AM,COMPUTER SCIENCE AND ENGINEERING (AI AND MACHINE LEARNING)
ENG0155,2357,CS,COMPUTER SCIENCE AND ENGINEERING
ENG0155,2357,EC,ELECTRONICS AND COMMUNICATION ENGINEERING
ENG0155,2357,EE,ELECTRICAL AND ELECTRONICS ENGINEERING
ENG0155,2357,IT,INFORMATION TECHNOLOGY
ENG0155,2357,ME,MECHANICAL ENGINEERING
ENG0156,2360,AD,Artificial Intelligence and Data Science
ENG0156,2360,AG,AGRICULTURAL ENGINEERING
ENG0156,2360,CS,COMPUTER SCIENCE AND ENGINEERING
ENG0156,2360,EC,ELECTRONICS AND COMMUNICATION ENGINEERING
ENG0156,2360,IT,INFORMATION TECHNOLOGY
ENG0156,2360,ME,MECHANICAL ENGINEERING
ENG0156,2360,MZ,Mechatronics Engineering
ENG0157,2361,IF,Interior Design
ENG0158,2367,AD,Artificial Intelligence and Data Science
ENG0158,2367,AM,COMPUTER SCIENCE AND ENGINEERING (AI AND MACHINE LEARNING)
ENG0158,2367,CB,COMPUTER SCIENCE AND BUSSINESS SYSTEM
ENG0158,2367,CE,CIVIL ENGINEERING
ENG0158,2367,CS,COMPUTER SCIENCE AND ENGINEERING
ENG0158,2367,EC,ELECTRONICS AND COMMUNICATION ENGINEERING
ENG0158,2367,IT,INFORMATION TECHNOLOGY
ENG0158,2367,ME,MECHANICAL ENGINEERING
ENG0158,2367,SC,Computer Science and Engineering (Cyber Security)
ENG0159,2368,CE,CIVIL ENGINEERING
ENG0159,2368,CS,COMPUTER SCIENCE AND ENGINEERING
ENG0159,2368,EC,ELECTRONICS AND COMMUNICATION ENGINEERING
ENG0159,2368,EE,ELECTRICAL AND ELECTRONICS ENGINEERING
ENG0159,2368,ME,MECHANICAL ENGINEERING
ENG0160,2369,CE,CIVIL ENGINEERING
ENG0160,2369,CS,COMPUTER SCIENCE AND ENGINEERING
ENG0160,2369,EC,ELECTRONICS AND COMMUNICATION ENGINEERING
ENG0160,2369,EE,ELECTRICAL AND ELECTRONICS ENGINEERING
ENG0160,2369,IT,INFORMATION TECHNOLOGY
ENG0160,2369,ME,MECHANICAL ENGINEERING
ENG0161,2377,AD,Artificial Intelligence and Data Science
ENG0161,2377,CE,CIVIL ENGINEERING
ENG0161,2377,CS,COMPUTER SCIENCE AND ENGINEERING
ENG0161,2377,EC,ELECTRONICS AND COMMUNICATION ENGINEERING
ENG0161,2377,EE,ELECTRICAL AND ELECTRONICS ENGINEERING
ENG0161,2377,EV,Electronics Engineering (VLSI Design and Technology)
ENG0161,2377,IC,INSTRUMENTATION AND CONTROL ENGINEERING
ENG0161,2377,ME,MECHANICAL ENGINEERING
ENG0162,2378,AD,Artificial Intelligence and Data Science
ENG0162,2378,AM,COMPUTER SCIENCE AND ENGINEERING (AI AND MACHINE LEARNING)
ENG0162,2378,CS,COMPUTER SCIENCE AND ENGINEERING
ENG0162,2378,EC,ELECTRONICS AND COMMUNICATION ENGINEERING
ENG0162,2378,ME,MECHANICAL ENGINEERING
ENG0162,2378,SC,Computer Science and Engineering (Cyber Security)
ENG0163,2601,AD,Artificial Intelligence and Data Science
ENG0163,2601,AE,AERONAUTICAL ENGINEERING
ENG0163,2601,AM,COMPUTER SCIENCE AND ENGINEERING (AI AND MACHINE LEARNING)
ENG0163,2601,BM,BIO MEDICAL ENGINEERING
ENG0163,2601,BT,BIO TECHNOLOGY
ENG0163,2601,CB,COMPUTER SCIENCE AND BUSSINESS SYSTEM
ENG0163,2601,CE,CIVIL ENGINEERING
ENG0163,2601,CH,CHEMICAL ENGINEERING
ENG0163,2601,CS,COMPUTER SCIENCE AND ENGINEERING
ENG0163,2601,EC,ELECTRONICS AND COMMUNICATION ENGINEERING
ENG0163,2601,EE,ELECTRICAL AND ELECTRONICS ENGINEERING
ENG0163,2601,IT,INFORMATION TECHNOLOGY
ENG0163,2601,ME,MECHANICAL ENGINEERING
ENG0163,2601,SC,Computer Science and Engineering (Cyber Security)
ENG0164,2602,AD,Artificial Intelligence and Data Science
ENG0164,2602,AG,AGRICULTURAL ENGINEERING
ENG0164,2602,CS,COMPUTER SCIENCE AND ENGINEERING
ENG0164,2602,EC,ELECTRONICS AND COMMUNICATION ENGINEERING
ENG0164,2602,IT,INFORMATION TECHNOLOGY
ENG0164,2602,MD,MEDICAL ELECTRONICS ENGINEERING
ENG0164,2602,ME,MECHANICAL ENGINEERING
ENG0164,2602,RM,ROBOTICS AND AUTOMATION
ENG0165,2603,CS,COMPUTER SCIENCE AND ENGINEERING
ENG0165,2603,EC,ELECTRONICS AND COMMUNICATION ENGINEERING
ENG0165,2603,EE,ELECTRICAL AND ELECTRONICS ENGINEERING
ENG0165,2603,ME,MECHANICAL ENGINEERING
ENG0165,2603,SC,Computer Science and Engineering (Cyber Security)
ENG0166,2607,AD,Artificial Intelligence and Data Science
ENG0166,2607,AM,COMPUTER SCIENCE AND ENGINEERING (AI AND MACHINE LEARNING)
ENG0166,2607,BT,BIO TECHNOLOGY
ENG0166,2607,CE,CIVIL ENGINEERING
ENG0166,2607,CS,COMPUTER SCIENCE AND ENGINEERING
ENG0166,2607,EC,ELECTRONICS AND COMMUNICATION ENGINEERING
ENG0166,2607,EE,ELECTRICAL AND ELECTRONICS ENGINEERING
ENG0166,2607,EV,Electronics Engineering (VLSI Design and Technology)
ENG0166,2607,FD,FOOD TECHNOLOGY
ENG0166,2607,IT,INFORMATION TECHNOLOGY
ENG0166,2607,ME,MECHANICAL ENGINEERING
ENG0166,2607,MZ,Mechatronics Engineering
ENG0166,2607,TX,TEXTILE TECHNOLOGY
ENG0167,2608,AD,Artificial Intelligence and Data Science
ENG0167,2608,AM,COMPUTER SCIENCE AND ENGINEERING (AI AND MACHINE LEARNING)
ENG0167,2608,CB,COMPUTER SCIENCE AND BUSSINESS SYSTEM
ENG0167,2608,CE,CIVIL ENGINEERING
ENG0167,2608,CS,COMPUTER SCIENCE AND ENGINEERING
ENG0167,2608,EC,ELECTRONICS AND COMMUNICATION ENGINEERING
ENG0167,2608,EE,ELECTRICAL AND ELECTRONICS ENGINEERING
ENG0167,2608,EV,Electronics Engineering (VLSI Design and Technology)
ENG0167,2608,IT,INFORMATION TECHNOLOGY
ENG0167,2608,ME,MECHANICAL ENGINEERING
ENG0167,2608,SC,Computer Science and Engineering (Cyber Security)
ENG0168,2609,AD,Artificial Intelligence and Data Science
ENG0168,2609,AE,AERONAUTICAL ENGINEERING
ENG0168,2609,AG,AGRICULTURAL ENGINEERING
ENG0168,2609,CE,CIVIL ENGINEERING
ENG0168,2609,CS,COMPUTER SCIENCE AND ENGINEERING
ENG0168,2609,CY,Cyber Security
ENG0168,2609,EC,ELECTRONICS AND COMMUNICATION ENGINEERING
ENG0168,2609,EE,ELECTRICAL AND ELECTRONICS ENGINEERING
ENG0168,2609,IT,INFORMATION TECHNOLOGY
ENG0168,2609,ME,MECHANICAL ENGINEERING
ENG0168,2609,MZ,Mechatronics Engineering
ENG0169,2610,AD,Artificial Intelligence and Data Science
ENG0169,2610,AM,COMPUTER SCIENCE AND ENGINEERING (AI AND MACHINE LEARNING)
ENG0169,2610,BM,BIO MEDICAL ENGINEERING
ENG0169,2610,BT,BIO TECHNOLOGY
ENG0169,2610,CB,COMPUTER SCIENCE AND BUSSINESS SYSTEM
ENG0169,2610,CE,CIVIL ENGINEERING
ENG0169,2610,CS,COMPUTER SCIENCE AND ENGINEERING
ENG0169,2610,EC,ELECTRONICS AND COMMUNICATION ENGINEERING
ENG0169,2610,EE,ELECTRICAL AND ELECTRONICS ENGINEERING
ENG0169,2610,EV,Electronics Engineering (VLSI Design and Technology)
ENG0169,2610,IT,INFORMATION TECHNOLOGY
ENG0169,2610,ME,MECHANICAL ENGINEERING
ENG0169,2610,MZ,Mechatronics Engineering
ENG0169,2610,SC,Computer Science and Engineering (Cyber Security)
ENG0170,2611,AD,Artificial Intelligence and Data Science
ENG0170,2611,AE,AERONAUTICAL ENGINEERING
ENG0170,2611,AG,AGRICULTURAL ENGINEERING
ENG0170,2611,AM,COMPUTER SCIENCE AND ENGINEERING (AI AND MACHINE LEARNING)
ENG0170,2611,BM,BIO MEDICAL ENGINEERING
ENG0170,2611,BT,BIO TECHNOLOGY
ENG0170,2611,CE,CIVIL ENGINEERING
ENG0170,2611,CH,CHEMICAL ENGINEERING
ENG0170,2611,CI,Computer Science and Engineering (Internet of Things)
ENG0170,2611,CS,COMPUTER SCIENCE AND ENGINEERING
ENG0170,2611,CY,Cyber Security
ENG0170,2611,EC,ELECTRONICS AND COMMUNICATION ENGINEERING
ENG0170,2611,EE,ELECTRICAL AND ELECTRONICS ENGINEERING
ENG0170,2611,FD,FOOD TECHNOLOGY
ENG0170,2611,IT,INFORMATION TECHNOLOGY
ENG0170,2611,ME,MECHANICAL ENGINEERING
ENG0170,2611,MZ,Mechatronics Engineering
ENG0170,2611,PH,PHARMACEUTICAL TECHNOLOGY
ENG0170,2611,RM,ROBOTICS AND AUTOMATION
ENG0171,2612,AD,Artificial Intelligence and Data Science
ENG0171,2612,BM,BIO MEDICAL ENGINEERING
ENG0171,2612,CE,CIVIL ENGINEERING
ENG0171,2612,CS,COMPUTER SCIENCE AND ENGINEERING
ENG0171,2612,EC,ELECTRONICS AND COMMUNICATION ENGINEERING
ENG0171,2612,EE,ELECTRICAL AND ELECTRONICS ENGINEERING
ENG0171,2612,IT,INFORMATION TECHNOLOGY
ENG0171,2612,ME,MECHANICAL ENGINEERING
ENG0172,2613,AD,Artificial Intelligence and Data Science
ENG0172,2613,BM,BIO MEDICAL ENGINEERING
ENG0172,2613,CE,CIVIL ENGINEERING
ENG0172,2613,CI,Computer Science and Engineering (Internet of Things)
ENG0172,2613,CS,COMPUTER SCIENCE AND ENGINEERING
ENG0172,2613,EC,ELECTRONICS AND COMMUNICATION ENGINEERING
ENG0172,2613,EE,ELECTRICAL AND ELECTRONICS ENGINEERING
ENG0172,2613,IT,INFORMATION TECHNOLOGY
ENG0172,2613,ME,MECHANICAL ENGINEERING
ENG0172,2613,SC,Computer Science and Engineering (Cyber Security)
ENG0172,2613,SF,Safety and Fire Engineering
ENG0173,2614,CE,CIVIL ENGINEERING
ENG0173,2614,CS,COMPUTER SCIENCE AND ENGINEERING
ENG0173,2614,EC,ELECTRONICS AND COMMUNICATION ENGINEERING
ENG0173,2614,EE,ELECTRICAL AND ELECTRONICS ENGINEERING
ENG0173,2614,IT,INFORMATION TECHNOLOGY
ENG0173,2614,ME,MECHANICAL ENGINEERING
ENG0173,2614,PC,PETRO CHEMICAL TECHNOLOGY
ENG0173,2614,PE,PETROLEUM ENGINEERING
ENG0173,2614,TC,TEXTILE CHEMISTRY
ENG0173,2614,TX,TEXTILE TECHNOLOGY
ENG0174,2615,AM,COMPUTER SCIENCE AND ENGINEERING (AI AND MACHINE LEARNING)
ENG0174,2615,CE,CIVIL ENGINEERING
ENG0174,2615,CS,COMPUTER SCIENCE AND ENGINEERING
ENG0174,2615,EC,ELECTRONICS AND COMMUNICATION ENGINEERING
ENG0174,2615,EE,ELECTRICAL AND ELECTRONICS ENGINEERING
ENG0174,2615,ME,MECHANICAL ENGINEERING
ENG0174,2615,MT,METALLURGICAL ENGINEERING
ENG0175,2616,AD,Artificial Intelligence and Data Science
ENG0175,2616,CE,CIVIL ENGINEERING
ENG0175,2616,CS,COMPUTER SCIENCE AND ENGINEERING
ENG0175,2616,EC,ELECTRONICS AND COMMUNICATION ENGINEERING
ENG0175,2616,EE,ELECTRICAL AND ELECTRONICS ENGINEERING
ENG0175,2616,EI,ELECTRONICS AND INSTRUMENTATION ENGINEERING
ENG0175,2616,IT,INFORMATION TECHNOLOGY
ENG0175,2616,ME,MECHANICAL ENGINEERING
ENG0175,2616,SC,Computer Science and Engineering (Cyber Security)
ENG0176,2617,AD,Artificial Intelligence and Data Science
ENG0176,2617,AM,COMPUTER SCIENCE AND ENGINEERING (AI AND MACHINE LEARNING)
ENG0176,2617,CE,CIVIL ENGINEERING
ENG0176,2617,CS,COMPUTER SCIENCE AND ENGINEERING
ENG0176,2617,EC,ELECTRONICS AND COMMUNICATION ENGINEERING
ENG0176,2617,EE,ELECTRICAL AND ELECTRONICS ENGINEERING
ENG0176,2617,IT,INFORMATION TECHNOLOGY
ENG0176,2617,MD,MEDICAL ELECTRONICS ENGINEERING
ENG0176,2617,ME,MECHANICAL ENGINEERING
ENG0176,2617,PH,PHARMACEUTICAL TECHNOLOGY
ENG0176,2617,RM,ROBOTICS AND AUTOMATION
ENG0176,2617,SC,Computer Science and Engineering (Cyber Security)
ENG0177,2618,AD,Artificial Intelligence and Data Science
ENG0177,2618,AM,COMPUTER SCIENCE AND ENGINEERING (AI AND MACHINE LEARNING)
ENG0177,2618,BM,BIO MEDICAL ENGINEERING
ENG0177,2618,CB,COMPUTER SCIENCE AND BUSSINESS SYSTEM
ENG0177,2618,CD,COMPUTER SCIENCE AND DESIGN
ENG0177,2618,CE,CIVIL ENGINEERING
ENG0177,2618,CS,COMPUTER SCIENCE AND ENGINEERING
ENG0177,2618,EC,ELECTRONICS AND COMMUNICATION ENGINEERING
ENG0177,2618,EE,ELECTRICAL AND ELECTRONICS ENGINEERING
ENG0177,2618,EF,Electrical and Computer Engineering
ENG0177,2618,EV,Electronics Engineering (VLSI Design and Technology)
ENG0177,2618,EX,Electronics and Computer Engineering
ENG0177,2618,FT,FASHION TECHNOLOGY
ENG0177,2618,IT,INFORMATION TECHNOLOGY
ENG0177,2618,ME,MECHANICAL ENGINEERING
ENG0177,2618,MZ,Mechatronics Engineering
ENG0177,2618,SC,Computer Science and Engineering (Cyber Security)
ENG0177,2618,SF,Safety and Fire Engineering
ENG0178,2620,AD,Artificial Intelligence and Data Science
ENG0178,2620,AG,AGRICULTURAL ENGINEERING
ENG0178,2620,AM,COMPUTER SCIENCE AND ENGINEERING (AI AND MACHINE LEARNING)
ENG0178,2620,BM,BIO MEDICAL ENGINEERING
ENG0178,2620,BT,BIO TECHNOLOGY
ENG0178,2620,CE,CIVIL ENGINEERING
ENG0178,2620,CS,COMPUTER SCIENCE AND ENGINEERING
ENG0178,2620,EC,ELECTRONICS AND COMMUNICATION ENGINEERING
ENG0178,2620,EE,ELECTRICAL AND ELECTRONICS ENGINEERING
ENG0178,2620,IT,INFORMATION TECHNOLOGY
ENG0179,2621,AD,Artificial Intelligence and Data Science
ENG0179,2621,AE,AERONAUTICAL ENGINEERING
ENG0179,2621,AM,COMPUTER SCIENCE AND ENGINEERING (AI AND MACHINE LEARNING)
ENG0179,2621,CB,COMPUTER SCIENCE AND BUSSINESS SYSTEM
ENG0179,2621,CE,CIVIL ENGINEERING
ENG0179,2621,CH,CHEMICAL ENGINEERING
ENG0179,2621,CS,COMPUTER SCIENCE AND ENGINEERING
ENG0179,2621,EC,ELECTRONICS AND COMMUNICATION ENGINEERING
ENG0179,2621,EE,ELECTRICAL AND ELECTRONICS ENGINEERING
ENG0179,2621,IT,INFORMATION TECHNOLOGY
ENG0179,2621,ME,MECHANICAL ENGINEERING
ENG0179,2621,MZ,Mechatronics Engineering
ENG0180,2622,AD,Artificial Intelligence and Data Science
ENG0180,2622,AM,COMPUTER SCIENCE AND ENGINEERING (AI AND MACHINE LEARNING)
ENG0180,2622,BM,BIO MEDICAL ENGINEERING
ENG0180,2622,BT,BIO TECHNOLOGY
ENG0180,2622,CB,COMPUTER SCIENCE AND BUSSINESS SYSTEM
ENG0180,2622,CE,CIVIL ENGINEERING
ENG0180,2622,CH,CHEMICAL ENGINEERING
ENG0180,2622,CO,COMPUTER AND COMMUNICATION ENGINEERING
ENG0180,2622,CS,COMPUTER SCIENCE AND ENGINEERING
ENG0180,2622,EC,ELECTRONICS AND COMMUNICATION ENGINEERING
ENG0180,2622,EE,ELECTRICAL AND ELECTRONICS ENGINEERING
ENG0180,2622,IT,INFORMATION TECHNOLOGY
ENG0180,2622,ME,MECHANICAL ENGINEERING
ENG0181,2623,AD,Artificial Intelligence and Data Science
ENG0181,2623,BM,BIO MEDICAL ENGINEERING
ENG0181,2623,CS,COMPUTER SCIENCE AND ENGINEERING
ENG0181,2623,EC,ELECTRONICS AND COMMUNICATION ENGINEERING
ENG0181,2623,EE,ELECTRICAL AND ELECTRONICS ENGINEERING
ENG0181,2623,IT,INFORMATION TECHNOLOGY
ENG0181,2623,ME,MECHANICAL ENGINEERING
ENG0182,2624,AD,Artificial Intelligence and Data Science
ENG0182,2624,AG,AGRICULTURAL ENGINEERING
ENG0182,2624,BM,BIO MEDICAL ENGINEERING
ENG0182,2624,BT,BIO TECHNOLOGY
ENG0182,2624,CS,COMPUTER SCIENCE AND ENGINEERING
ENG0182,2624,EC,ELECTRONICS AND COMMUNICATION ENGINEERING
ENG0182,2624,EE,ELECTRICAL AND ELECTRONICS ENGINEERING
ENG0182,2624,FD,FOOD TECHNOLOGY
ENG0182,2624,IT,INFORMATION TECHNOLOGY
ENG0182,2624,ME,MECHANICAL ENGINEERING
ENG0182,2624,PH,PHARMACEUTICAL TECHNOLOGY
ENG0183,2625,AD,Artificial Intelligence and Data Science
ENG0183,2625,AG,AGRICULTURAL ENGINEERING
ENG0183,2625,BM,BIO MEDICAL ENGINEERING
ENG0183,2625,CE,CIVIL ENGINEERING
ENG0183,2625,CH,CHEMICAL ENGINEERING
ENG0183,2625,CS,COMPUTER SCIENCE AND ENGINEERING
ENG0183,2625,EC,ELECTRONICS AND COMMUNICATION ENGINEERING
ENG0183,2625,EE,ELECTRICAL AND ELECTRONICS ENGINEERING
ENG0183,2625,IT,INFORMATION TECHNOLOGY
ENG0183,2625,ME,MECHANICAL ENGINEERING
ENG0184,2627,AD,Artificial Intelligence and Data Science
ENG0184,2627,BM,BIO MEDICAL ENGINEERING
ENG0184,2627,BT,BIO TECHNOLOGY
ENG0184,2627,CE,CIVIL ENGINEERING
ENG0184,2627,CS,COMPUTER SCIENCE AND ENGINEERING
ENG0184,2627,EC,ELECTRONICS AND COMMUNICATION ENGINEERING
ENG0184,2627,EE,ELECTRICAL AND ELECTRONICS ENGINEERING
ENG0184,2627,IT,INFORMATION TECHNOLOGY
ENG0184,2627,ME,MECHANICAL ENGINEERING
ENG0185,2628,AD,Artificial Intelligence and Data Science
ENG0185,2628,AM,COMPUTER SCIENCE AND ENGINEERING (AI AND MACHINE LEARNING)
ENG0185,2628,BM,BIO MEDICAL ENGINEERING
ENG0185,2628,CS,COMPUTER SCIENCE AND ENGINEERING
ENG0185,2628,EC,ELECTRONICS AND COMMUNICATION ENGINEERING
ENG0185,2628,EE,ELECTRICAL AND ELECTRONICS ENGINEERING
ENG0185,2628,ME,MECHANICAL ENGINEERING
ENG0185,2628,SC,Computer Science and Engineering (Cyber Security)
ENG0186,2630,AD,Artificial Intelligence and Data Science
ENG0186,2630,CS,COMPUTER SCIENCE AND ENGINEERING
ENG0186,2630,EC,ELECTRONICS AND COMMUNICATION ENGINEERING
ENG0186,2630,EE,ELECTRICAL AND ELECTRONICS ENGINEERING
ENG0186,2630,IT,INFORMATION TECHNOLOGY
ENG0186,2630,ME,MECHANICAL ENGINEERING
ENG0187,2632,AM,COMPUTER SCIENCE AND ENGINEERING (AI AND MACHINE LEARNING)
ENG0187,2632,BM,BIO MEDICAL ENGINEERING
ENG0187,2632,CS,COMPUTER SCIENCE AND ENGINEERING
ENG0187,2632,EC,ELECTRONICS AND COMMUNICATION ENGINEERING
ENG0187,2632,EE,ELECTRICAL AND ELECTRONICS ENGINEERING
ENG0187,2632,IT,INFORMATION TECHNOLOGY
ENG0187,2632,ME,MECHANICAL ENGINEERING
ENG0188,2633,AD,Artificial Intelligence and Data Science
ENG0188,2633,CS,COMPUTER SCIENCE AND ENGINEERING
ENG0188,2633,EC,ELECTRONICS AND COMMUNICATION ENGINEERING
ENG0188,2633,EE,ELECTRICAL AND ELECTRONICS ENGINEERING
ENG0188,2633,ME,MECHANICAL ENGINEERING
ENG0188,2633,SC,Computer Science and Engineering (Cyber Security)
ENG0189,2634,AD,Artificial Intelligence and Data Science
ENG0189,2634,AE,AERONAUTICAL ENGINEERING
ENG0189,2634,AG,AGRICULTURAL ENGINEERING
ENG0189,2634,AM,COMPUTER SCIENCE AND ENGINEERING (AI AND MACHINE LEARNING)
ENG0189,2634,BM,BIO MEDICAL ENGINEERING
ENG0189,2634,CB,COMPUTER SCIENCE AND BUSSINESS SYSTEM
ENG0189,2634,CE,CIVIL ENGINEERING
ENG0189,2634,CJ,M.Tech. Computer Science and Engineering (Integrated 5 years)
ENG0189,2634,CS,COMPUTER SCIENCE AND ENGINEERING
ENG0189,2634,EC,ELECTRONICS AND COMMUNICATION ENGINEERING
ENG0189,2634,EE,ELECTRICAL AND ELECTRONICS ENGINEERING
ENG0189,2634,FD,FOOD TECHNOLOGY
ENG0189,2634,IT,INFORMATION TECHNOLOGY
ENG0189,2634,ME,MECHANICAL ENGINEERING
ENG0189,2634,PC,PETRO CHEMICAL TECHNOLOGY
ENG0189,2634,SF,Safety and Fire Engineering
ENG0190,2635,AD,Artificial Intelligence and Data Science
ENG0190,2635,BM,BIO MEDICAL ENGINEERING
ENG0190,2635,CS,COMPUTER SCIENCE AND ENGINEERING
ENG0190,2635,EC,ELECTRONICS AND COMMUNICATION ENGINEERING
ENG0190,2635,EE,ELECTRICAL AND ELECTRONICS ENGINEERING
ENG0190,2635,ME,MECHANICAL ENGINEERING
ENG0190,2635,SC,Computer Science and Engineering (Cyber Security)
ENG0191,2636,AD,Artificial Intelligence and Data Science
ENG0191,2636,AM,COMPUTER SCIENCE AND ENGINEERING (AI AND MACHINE LEARNING)
ENG0191,2636,BM,BIO MEDICAL ENGINEERING
ENG0191,2636,CE,CIVIL ENGINEERING
ENG0191,2636,CS,COMPUTER SCIENCE AND ENGINEERING
ENG0191,2636,EC,ELECTRONICS AND COMMUNICATION ENGINEERING
ENG0191,2636,EE,ELECTRICAL AND ELECTRONICS ENGINEERING
ENG0191,2636,IT,INFORMATION TECHNOLOGY
ENG0191,2636,ME,MECHANICAL ENGINEERING
ENG0192,2638,CS,COMPUTER SCIENCE AND ENGINEERING
ENG0192,2638,EC,ELECTRONICS AND COMMUNICATION ENGINEERING
ENG0192,2638,IT,INFORMATION TECHNOLOGY
ENG0193,2639,AD,Artificial Intelligence and Data Science
ENG0193,2639,CS,COMPUTER SCIENCE AND ENGINEERING
ENG0193,2639,EC,ELECTRONICS AND COMMUNICATION ENGINEERING
ENG0193,2639,EE,ELECTRICAL AND ELECTRONICS ENGINEERING
ENG0193,2639,IT,INFORMATION TECHNOLOGY
ENG0193,2639,ME,MECHANICAL ENGINEERING
ENG0193,2639,SC,Computer Science and Engineering (Cyber Security)
ENG0194,2640,AD,Artificial Intelligence and Data Science
ENG0194,2640,AG,AGRICULTURAL ENGINEERING
ENG0194,2640,CE,CIVIL ENGINEERING
ENG0194,2640,CS,COMPUTER SCIENCE AND ENGINEERING
ENG0194,2640,EC,ELECTRONICS AND COMMUNICATION ENGINEERING
ENG0194,2640,EE,ELECTRICAL AND ELECTRONICS ENGINEERING
ENG0194,2640,IT,INFORMATION TECHNOLOGY
ENG0194,2640,ME,MECHANICAL ENGINEERING
ENG0195,2641,AD,Artificial Intelligence and Data Science
ENG0195,2641,CE,CIVIL ENGINEERING
ENG0195,2641,CS,COMPUTER SCIENCE AND ENGINEERING
ENG0195,2641,EC,ELECTRONICS AND COMMUNICATION ENGINEERING
ENG0195,2641,EE,ELECTRICAL AND ELECTRONICS ENGINEERING
ENG0195,2641,IT,INFORMATION TECHNOLOGY
ENG0195,2641,ME,MECHANICAL ENGINEERING
ENG0196,2642,AD,Artificial Intelligence and Data Science
ENG0196,2642,BM,BIO MEDICAL ENGINEERING
ENG0196,2642,CE,CIVIL ENGINEERING
ENG0196,2642,CS,COMPUTER SCIENCE AND ENGINEERING
ENG0196,2642,EC,ELECTRONICS AND COMMUNICATION ENGINEERING
ENG0196,2642,EE,ELECTRICAL AND ELECTRONICS ENGINEERING
ENG0196,2642,IT,INFORMATION TECHNOLOGY
ENG0196,2642,ME,MECHANICAL ENGINEERING
ENG0196,2642,SC,Computer Science and Engineering (Cyber Security)
ENG0197,2643,AD,Artificial Intelligence and Data Science
ENG0197,2643,CS,COMPUTER SCIENCE AND ENGINEERING
ENG0197,2643,EC,ELECTRONICS AND COMMUNICATION ENGINEERING
ENG0197,2643,EE,ELECTRICAL AND ELECTRONICS ENGINEERING
ENG0197,2643,IT,INFORMATION TECHNOLOGY
ENG0197,2643,SC,Computer Science and Engineering (Cyber Security)
ENG0198,2646,AD,Artificial Intelligence and Data Science
ENG0198,2646,AM,COMPUTER SCIENCE AND ENGINEERING (AI AND MACHINE LEARNING)
ENG0198,2646,CE,CIVIL ENGINEERING
ENG0198,2646,CS,COMPUTER SCIENCE AND ENGINEERING
ENG0198,2646,EC,ELECTRONICS AND COMMUNICATION ENGINEERING
ENG0198,2646,EE,ELECTRICAL AND ELECTRONICS ENGINEERING
ENG0198,2646,IT,INFORMATION TECHNOLOGY
ENG0198,2646,ME,MECHANICAL ENGINEERING
ENG0199,2647,CS,COMPUTER SCIENCE AND ENGINEERING
ENG0199,2647,EC,ELECTRONICS AND COMMUNICATION ENGINEERING
ENG0199,2647,EE,ELECTRICAL AND ELECTRONICS ENGINEERING
ENG0199,2647,IT,INFORMATION TECHNOLOGY
ENG0199,2647,ME,MECHANICAL ENGINEERING
ENG0200,2648,AD,Artificial Intelligence and Data Science
ENG0200,2648,AU,AUTOMOBILE ENGINEERING
ENG0200,2648,BM,BIO MEDICAL ENGINEERING
ENG0200,2648,CE,CIVIL ENGINEERING
ENG0200,2648,CS,COMPUTER SCIENCE AND ENGINEERING
ENG0200,2648,EC,ELECTRONICS AND COMMUNICATION ENGINEERING
ENG0200,2648,EE,ELECTRICAL AND ELECTRONICS ENGINEERING
ENG0200,2648,IT,INFORMATION TECHNOLOGY
ENG0200,2648,ME,MECHANICAL ENGINEERING
ENG0201,2650,AD,Artificial Intelligence and Data Science
ENG0201,2650,AM,COMPUTER SCIENCE AND ENGINEERING (AI AND MACHINE LEARNING)
ENG0201,2650,CS,COMPUTER SCIENCE AND ENGINEERING
ENG0201,2650,EC,ELECTRONICS AND COMMUNICATION ENGINEERING
ENG0201,2650,IT,INFORMATION TECHNOLOGY
ENG0201,2650,ME,MECHANICAL ENGINEERING
ENG0202,2651,AD,Artificial Intelligence and Data Science
ENG0202,2651,CE,CIVIL ENGINEERING
ENG0202,2651,CS,COMPUTER SCIENCE AND ENGINEERING
ENG0202,2651,EC,ELECTRONICS AND COMMUNICATION ENGINEERING
ENG0202,2651,EE,ELECTRICAL AND ELECTRONICS ENGINEERING
ENG0202,2651,FT,FASHION TECHNOLOGY
ENG0202,2651,IT,INFORMATION TECHNOLOGY
ENG0202,2651,ME,MECHANICAL ENGINEERING
ENG0203,2652,AD,Artificial Intelligence and Data Science
ENG0203,2652,CS,COMPUTER SCIENCE AND ENGINEERING
ENG0203,2652,EC,ELECTRONICS AND COMMUNICATION ENGINEERING
ENG0203,2652,EE,ELECTRICAL AND ELECTRONICS ENGINEERING
ENG0203,2652,IT,INFORMATION TECHNOLOGY
ENG0203,2652,ME,MECHANICAL ENGINEERING
ENG0204,2653,AD,Artificial Intelligence and Data Science
ENG0204,2653,CB,COMPUTER SCIENCE AND BUSSINESS SYSTEM
ENG0204,2653,CE,CIVIL ENGINEERING
ENG0204,2653,CS,COMPUTER SCIENCE AND ENGINEERING
ENG0204,2653,EC,ELECTRONICS AND COMMUNICATION ENGINEERING
ENG0204,2653,EE,ELECTRICAL AND ELECTRONICS ENGINEERING
ENG0204,2653,EX,Electronics and Computer Engineering
ENG0204,2653,IT,INFORMATION TECHNOLOGY
ENG0204,2653,ME,MECHANICAL ENGINEERING
ENG0205,2656,AD,Artificial Intelligence and Data Science
ENG0205,2656,AM,COMPUTER SCIENCE AND ENGINEERING (AI AND MACHINE LEARNING)
ENG0205,2656,CE,CIVIL ENGINEERING
ENG0205,2656,CS,COMPUTER SCIENCE AND ENGINEERING
ENG0205,2656,EC,ELECTRONICS AND COMMUNICATION ENGINEERING
ENG0205,2656,EE,ELECTRICAL AND ELECTRONICS ENGINEERING
ENG0205,2656,IT,INFORMATION TECHNOLOGY
ENG0205,2656,ME,MECHANICAL ENGINEERING
ENG0205,2656,SC,Computer Science and Engineering (Cyber Security)
ENG0206,2658,BM,BIO MEDICAL ENGINEERING
ENG0206,2658,CE,CIVIL ENGINEERING
ENG0206,2658,CS,COMPUTER SCIENCE AND ENGINEERING
ENG0206,2658,EC,ELECTRONICS AND COMMUNICATION ENGINEERING
ENG0206,2658,EE,ELECTRICAL AND ELECTRONICS ENGINEERING
ENG0206,2658,IT,INFORMATION TECHNOLOGY
ENG0206,2658,ME,MECHANICAL ENGINEERING
ENG0207,2659,AD,Artificial Intelligence and Data Science
ENG0207,2659,BM,BIO MEDICAL ENGINEERING
ENG0207,2659,BT,BIO TECHNOLOGY
ENG0207,2659,CE,CIVIL ENGINEERING
ENG0207,2659,CS,COMPUTER SCIENCE AND ENGINEERING
ENG0207,2659,EC,ELECTRONICS AND COMMUNICATION ENGINEERING
ENG0207,2659,EE,ELECTRICAL AND ELECTRONICS ENGINEERING
ENG0207,2659,IT,INFORMATION TECHNOLOGY
ENG0207,2659,ME,MECHANICAL ENGINEERING
ENG0208,2673,AD,Artificial Intelligence and Data Science
ENG0208,2673,AM,COMPUTER SCIENCE AND ENGINEERING (AI AND MACHINE LEARNING)
ENG0208,2673,CE,CIVIL ENGINEERING
ENG0208,2673,CS,COMPUTER SCIENCE AND ENGINEERING
ENG0208,2673,EC,ELECTRONICS AND COMMUNICATION ENGINEERING
ENG0208,2673,EE,ELECTRICAL AND ELECTRONICS ENGINEERING
ENG0208,2673,IT,INFORMATION TECHNOLOGY
ENG0208,2673,ME,MECHANICAL ENGINEERING
ENG0208,2673,SC,Computer Science and Engineering (Cyber Security)
ENG0209,2683,AD,Artificial Intelligence and Data Science
ENG0209,2683,AG,AGRICULTURAL ENGINEERING
ENG0209,2683,BM,BIO MEDICAL ENGINEERING
ENG0209,2683,CS,COMPUTER SCIENCE AND ENGINEERING
ENG0209,2683,EC,ELECTRONICS AND COMMUNICATION ENGINEERING
ENG0209,2683,EE,ELECTRICAL AND ELECTRONICS ENGINEERING
ENG0209,2683,IT,INFORMATION TECHNOLOGY
ENG0209,2683,ME,MECHANICAL ENGINEERING
ENG0210,2702,AD,Artificial Intelligence and Data Science
ENG0210,2702,AG,AGRICULTURAL ENGINEERING
ENG0210,2702,AL,Artificial Intelligence and Machine Learning
ENG0210,2702,BT,BIO TECHNOLOGY
ENG0210,2702,CS,COMPUTER SCIENCE AND ENGINEERING
ENG0210,2702,EC,ELECTRONICS AND COMMUNICATION ENGINEERING
ENG0210,2702,EE,ELECTRICAL AND ELECTRONICS ENGINEERING
ENG0210,2702,EI,ELECTRONICS AND INSTRUMENTATION ENGINEERING
ENG0210,2702,IT,INFORMATION TECHNOLOGY
ENG0210,2702,ME,MECHANICAL ENGINEERING
ENG0210,2702,MZ,Mechatronics Engineering
ENG0211,2704,AD,Artificial Intelligence and Data Science
ENG0211,2704,AM,COMPUTER SCIENCE AND ENGINEERING (AI AND MACHINE LEARNING)
ENG0211,2704,CE,CIVIL ENGINEERING
ENG0211,2704,CS,COMPUTER SCIENCE AND ENGINEERING
ENG0211,2704,EC,ELECTRONICS AND COMMUNICATION ENGINEERING
ENG0211,2704,EE,ELECTRICAL AND ELECTRONICS ENGINEERING
ENG0211,2704,EV,Electronics Engineering (VLSI Design and Technology)
ENG0211,2704,IT,INFORMATION TECHNOLOGY
ENG0211,2704,ME,MECHANICAL ENGINEERING
ENG0211,2704,MZ,Mechatronics Engineering
ENG0211,2704,SC,Computer Science and Engineering (Cyber Security)
ENG0212,2705,AD,Artificial Intelligence and Data Science
ENG0212,2705,AM,COMPUTER SCIENCE AND ENGINEERING (AI AND MACHINE LEARNING)
ENG0212,2705,CS,COMPUTER SCIENCE AND ENGINEERING
ENG0212,2705,EC,ELECTRONICS AND COMMUNICATION ENGINEERING
ENG0212,2705,IT,INFORMATION TECHNOLOGY
ENG0212,2705,ME,MECHANICAL ENGINEERING
ENG0212,2705,SC,Computer Science and Engineering (Cyber Security)
ENG0213,2706,AD,Artificial Intelligence and Data Science
ENG0213,2706,AM,COMPUTER SCIENCE AND ENGINEERING (AI AND MACHINE LEARNING)
ENG0213,2706,AU,AUTOMOBILE ENGINEERING
ENG0213,2706,CE,CIVIL ENGINEERING
ENG0213,2706,CS,COMPUTER SCIENCE AND ENGINEERING
ENG0213,2706,EC,ELECTRONICS AND COMMUNICATION ENGINEERING
ENG0213,2706,EE,ELECTRICAL AND ELECTRONICS ENGINEERING
ENG0213,2706,EV,Electronics Engineering (VLSI Design and Technology)
ENG0213,2706,IT,INFORMATION TECHNOLOGY
ENG0213,2706,ME,MECHANICAL ENGINEERING
ENG0213,2706,SC,Computer Science and Engineering (Cyber Security)
ENG0214,2707,AD,Artificial Intelligence and Data Science
ENG0214,2707,AG,AGRICULTURAL ENGINEERING
ENG0214,2707,AM,COMPUTER SCIENCE AND ENGINEERING (AI AND MACHINE LEARNING)
ENG0214,2707,BM,BIO MEDICAL ENGINEERING
ENG0214,2707,BT,BIO TECHNOLOGY
ENG0214,2707,CD,COMPUTER SCIENCE AND DESIGN
ENG0214,2707,CE,CIVIL ENGINEERING
ENG0214,2707,CH,CHEMICAL ENGINEERING
ENG0214,2707,CI,Computer Science and Engineering (Internet of Things)
ENG0214,2707,CJ,M.Tech. Computer Science and Engineering (Integrated 5 years)
ENG0214,2707,CS,COMPUTER SCIENCE AND ENGINEERING
ENG0214,2707,EC,ELECTRONICS AND COMMUNICATION ENGINEERING
ENG0214,2707,EE,ELECTRICAL AND ELECTRONICS ENGINEERING
ENG0214,2707,EI,ELECTRONICS AND INSTRUMENTATION ENGINEERING
ENG0214,2707,IT,INFORMATION TECHNOLOGY
ENG0214,2707,ME,MECHANICAL ENGINEERING
ENG0214,2707,RM,ROBOTICS AND AUTOMATION
ENG0214,2707,SC,Computer Science and Engineering (Cyber Security)
ENG0214,2707,XM,MECHANICAL ENGINEERING (TAMIL MEDIUM)
ENG0215,2708,AE,AERONAUTICAL ENGINEERING
ENG0215,2708,AG,AGRICULTURAL ENGINEERING
ENG0215,2708,AL,Artificial Intelligence and Machine Learning
ENG0215,2708,AU,AUTOMOBILE ENGINEERING
ENG0215,2708,BM,BIO MEDICAL ENGINEERING
ENG0215,2708,CB,COMPUTER SCIENCE AND BUSSINESS SYSTEM
ENG0215,2708,CE,CIVIL ENGINEERING
ENG0215,2708,CH,CHEMICAL ENGINEERING
ENG0215,2708,CS,COMPUTER SCIENCE AND ENGINEERING
ENG0215,2708,EC,ELECTRONICS AND COMMUNICATION ENGINEERING
ENG0215,2708,EE,ELECTRICAL AND ELECTRONICS ENGINEERING
ENG0215,2708,EI,ELECTRONICS AND INSTRUMENTATION ENGINEERING
ENG0215,2708,FD,FOOD TECHNOLOGY
ENG0215,2708,IT,INFORMATION TECHNOLOGY
ENG0215,2708,ME,MECHANICAL ENGINEERING
ENG0215,2708,MZ,Mechatronics Engineering
ENG0215,2708,SC,Computer Science and Engineering (Cyber Security)
ENG0216,2709,AU,AUTOMOBILE ENGINEERING
ENG0216,2709,CE,CIVIL ENGINEERING
ENG0216,2709,CF,COMPUTER SCIENCE AND ENGINEERING (DATA SCIENCE)
ENG0216,2709,CS,COMPUTER SCIENCE AND ENGINEERING
ENG0216,2709,EC,ELECTRONICS AND COMMUNICATION ENGINEERING
ENG0216,2709,EE,ELECTRICAL AND ELECTRONICS ENGINEERING
ENG0216,2709,IT,INFORMATION TECHNOLOGY
ENG0216,2709,ME,MECHANICAL ENGINEERING
ENG0217,2710,AD,Artificial Intelligence and Data Science
ENG0217,2710,CE,CIVIL ENGINEERING
ENG0217,2710,CS,COMPUTER SCIENCE AND ENGINEERING
ENG0217,2710,EC,ELECTRONICS AND COMMUNICATION ENGINEERING
ENG0217,2710,EE,ELECTRICAL AND ELECTRONICS ENGINEERING
ENG0217,2710,EV,Electronics Engineering (VLSI Design and Technology)
ENG0217,2710,IT,INFORMATION TECHNOLOGY
ENG0217,2710,ME,MECHANICAL ENGINEERING
ENG0217,2710,SC,Computer Science and Engineering (Cyber Security)
ENG0218,2711,AD,Artificial Intelligence and Data Science
ENG0218,2711,AL,Artificial Intelligence and Machine Learning
ENG0218,2711,AU,AUTOMOBILE ENGINEERING
ENG0218,2711,CD,COMPUTER SCIENCE AND DESIGN
ENG0218,2711,CE,CIVIL ENGINEERING
ENG0218,2711,CH,CHEMICAL ENGINEERING
ENG0218,2711,CS,COMPUTER SCIENCE AND ENGINEERING
ENG0218,2711,EC,ELECTRONICS AND COMMUNICATION ENGINEERING
ENG0218,2711,EE,ELECTRICAL AND ELECTRONICS ENGINEERING
ENG0218,2711,EI,ELECTRONICS AND INSTRUMENTATION ENGINEERING
ENG0218,2711,FD,FOOD TECHNOLOGY
ENG0218,2711,IT,INFORMATION TECHNOLOGY
ENG0218,2711,ME,MECHANICAL ENGINEERING
ENG0218,2711,MZ,Mechatronics Engineering
ENG0219,2712,AD,Artificial Intelligence and Data Science
ENG0219,2712,AE,AERONAUTICAL ENGINEERING
ENG0219,2712,AU,AUTOMOBILE ENGINEERING
ENG0219,2712,BT,BIO TECHNOLOGY
ENG0219,2712,CE,CIVIL ENGINEERING
ENG0219,2712,CS,COMPUTER SCIENCE AND ENGINEERING
ENG0219,2712,EC,ELECTRONICS AND COMMUNICATION ENGINEERING
ENG0219,2712,EE,ELECTRICAL AND ELECTRONICS ENGINEERING
ENG0219,2712,EI,ELECTRONICS AND INSTRUMENTATION ENGINEERING
ENG0219,2712,FT,FASHION TECHNOLOGY
ENG0219,2712,IT,INFORMATION TECHNOLOGY
ENG0219,2712,ME,MECHANICAL ENGINEERING
ENG0219,2712,MZ,Mechatronics Engineering
ENG0219,2712,TX,TEXTILE TECHNOLOGY
ENG0220,2713,CE,CIVIL ENGINEERING
ENG0220,2713,CS,COMPUTER SCIENCE AND ENGINEERING
ENG0220,2713,EC,ELECTRONICS AND COMMUNICATION ENGINEERING
ENG0220,2713,EE,ELECTRICAL AND ELECTRONICS ENGINEERING
ENG0220,2713,IT,INFORMATION TECHNOLOGY
ENG0220,2713,ME,MECHANICAL ENGINEERING
ENG0221,2715,AD,Artificial Intelligence and Data Science
ENG0221,2715,AG,AGRICULTURAL ENGINEERING
ENG0221,2715,BM,BIO MEDICAL ENGINEERING
ENG0221,2715,CE,CIVIL ENGINEERING
ENG0221,2715,CH,CHEMICAL ENGINEERING
ENG0221,2715,CI,Computer Science and Engineering (Internet of Things)
ENG0221,2715,CS,COMPUTER SCIENCE AND ENGINEERING
ENG0221,2715,EC,ELECTRONICS AND COMMUNICATION ENGINEERING
ENG0221,2715,EE,ELECTRICAL AND ELECTRONICS ENGINEERING
ENG0221,2715,IT,INFORMATION TECHNOLOGY
ENG0221,2715,ME,MECHANICAL ENGINEERING
ENG0221,2715,SC,Computer Science and Engineering (Cyber Security)
ENG0222,2716,AD,Artificial Intelligence and Data Science
ENG0222,2716,AE,AERONAUTICAL ENGINEERING
ENG0222,2716,AG,AGRICULTURAL ENGINEERING
ENG0222,2716,BM,BIO MEDICAL ENGINEERING
ENG0222,2716,CS,COMPUTER SCIENCE AND ENGINEERING
ENG0222,2716,EC,ELECTRONICS AND COMMUNICATION ENGINEERING
ENG0222,2716,EE,ELECTRICAL AND ELECTRONICS ENGINEERING
ENG0222,2716,GI,GEO INFORMATICS
ENG0222,2716,IT,INFORMATION TECHNOLOGY
ENG0222,2716,MD,MEDICAL ELECTRONICS ENGINEERING
ENG0222,2716,ME,MECHANICAL ENGINEERING
ENG0222,2716,MZ,Mechatronics Engineering
ENG0222,2716,RM,ROBOTICS AND AUTOMATION
ENG0222,2716,SC,Computer Science and Engineering (Cyber Security)
ENG0222,2716,TX,TEXTILE TECHNOLOGY
ENG0223,2717,AD,Artificial Intelligence and Data Science
ENG0223,2717,CE,CIVIL ENGINEERING
ENG0223,2717,CS,COMPUTER SCIENCE AND ENGINEERING
ENG0223,2717,EC,ELECTRONICS AND COMMUNICATION ENGINEERING
ENG0223,2717,EE,ELECTRICAL AND ELECTRONICS ENGINEERING
ENG0223,2717,IT,INFORMATION TECHNOLOGY
ENG0223,2717,ME,MECHANICAL ENGINEERING
ENG0223,2717,SC,Computer Science and Engineering (Cyber Security)
ENG0224,2718,AD,Artificial Intelligence and Data Science
ENG0224,2718,AM,COMPUTER SCIENCE AND ENGINEERING (AI AND MACHINE LEARNING)
ENG0224,2718,CB,COMPUTER SCIENCE AND BUSSINESS SYSTEM
ENG0224,2718,CE,CIVIL ENGINEERING
ENG0224,2718,CI,Computer Science and Engineering (Internet of Things)
ENG0224,2718,CJ,M.Tech. Computer Science and Engineering (Integrated 5 years)
ENG0224,2718,CS,COMPUTER SCIENCE AND ENGINEERING
ENG0224,2718,EC,ELECTRONICS AND COMMUNICATION ENGINEERING
ENG0224,2718,EE,ELECTRICAL AND ELECTRONICS ENGINEERING
ENG0224,2718,IT,INFORMATION TECHNOLOGY
ENG0224,2718,ME,MECHANICAL ENGINEERING
ENG0224,2718,MZ,Mechatronics Engineering
ENG0224,2718,SC,Computer Science and Engineering (Cyber Security)
ENG0225,2719,AD,Artificial Intelligence and Data Science
ENG0225,2719,AE,AERONAUTICAL ENGINEERING
ENG0225,2719,BM,BIO MEDICAL ENGINEERING
ENG0225,2719,CE,CIVIL ENGINEERING
ENG0225,2719,CJ,M.Tech. Computer Science and Engineering (Integrated 5 years)
ENG0225,2719,CS,COMPUTER SCIENCE AND ENGINEERING
ENG0225,2719,EC,ELECTRONICS AND COMMUNICATION ENGINEERING
ENG0225,2719,EE,ELECTRICAL AND ELECTRONICS ENGINEERING
ENG0225,2719,EI,ELECTRONICS AND INSTRUMENTATION ENGINEERING
ENG0225,2719,IT,INFORMATION TECHNOLOGY
ENG0225,2719,ME,MECHANICAL ENGINEERING
ENG0225,2719,RM,ROBOTICS AND AUTOMATION
ENG0226,2721,AD,Artificial Intelligence and Data Science
ENG0226,2721,AU,AUTOMOBILE ENGINEERING
ENG0226,2721,CE,CIVIL ENGINEERING
ENG0226,2721,CS,COMPUTER SCIENCE AND ENGINEERING
ENG0226,2721,EC,ELECTRONICS AND COMMUNICATION ENGINEERING
ENG0226,2721,EE,ELECTRICAL AND ELECTRONICS ENGINEERING
ENG0226,2721,IC,INSTRUMENTATION AND CONTROL ENGINEERING
ENG0226,2721,IT,INFORMATION TECHNOLOGY
ENG0226,2721,ME,MECHANICAL ENGINEERING
ENG0227,2723,AD,Artificial Intelligence and Data Science
ENG0227,2723,AM,COMPUTER SCIENCE AND ENGINEERING (AI AND MACHINE LEARNING)
ENG0227,2723,BM,BIO MEDICAL ENGINEERING
ENG0227,2723,CE,CIVIL ENGINEERING
ENG0227,2723,CS,COMPUTER SCIENCE AND ENGINEERING
ENG0227,2723,EC,ELECTRONICS AND COMMUNICATION ENGINEERING
ENG0227,2723,EE,ELECTRICAL AND ELECTRONICS ENGINEERING
ENG0227,2723,IT,INFORMATION TECHNOLOGY
ENG0227,2723,MD,MEDICAL ELECTRONICS ENGINEERING
ENG0227,2723,ME,MECHANICAL ENGINEERING
ENG0228,2725,AD,Artificial Intelligence and Data Science
ENG0228,2725,CS,COMPUTER SCIENCE AND ENGINEERING
ENG0228,2725,EC,ELECTRONICS AND COMMUNICATION ENGINEERING
ENG0228,2725,EE,ELECTRICAL AND ELECTRONICS ENGINEERING
ENG0228,2725,IT,INFORMATION TECHNOLOGY
ENG0228,2725,ME,MECHANICAL ENGINEERING
ENG0229,2726,AD,Artificial Intelligence and Data Science
ENG0229,2726,AG,AGRICULTURAL ENGINEERING
ENG0229,2726,AL,Artificial Intelligence and Machine Learning
ENG0229,2726,AO,AEROSPACE ENGINEERING
ENG0229,2726,AU,AUTOMOBILE ENGINEERING
ENG0229,2726,BM,BIO MEDICAL ENGINEERING
ENG0229,2726,CD,COMPUTER SCIENCE AND DESIGN
ENG0229,2726,CE,CIVIL ENGINEERING
ENG0229,2726,CS,COMPUTER SCIENCE AND ENGINEERING
ENG0229,2726,EC,ELECTRONICS AND COMMUNICATION ENGINEERING
ENG0229,2726,EE,ELECTRICAL AND ELECTRONICS ENGINEERING
ENG0229,2726,FD,FOOD TECHNOLOGY
ENG0229,2726,IT,INFORMATION TECHNOLOGY
ENG0229,2726,ME,MECHANICAL ENGINEERING
ENG0229,2726,MO,Mechanical and Mechatronics Engineering (Additive Manufacturing)
ENG0229,2726,MZ,Mechatronics Engineering
ENG0229,2726,SB,Computer Science and Engineering (Internet of Things and Cyber Security including Block Chain Technology)
ENG0229,2726,TS,Computer Science and Technology
ENG0230,2727,AD,Artificial Intelligence and Data Science
ENG0230,2727,AG,AGRICULTURAL ENGINEERING
ENG0230,2727,AL,Artificial Intelligence and Machine Learning
ENG0230,2727,BM,BIO MEDICAL ENGINEERING
ENG0230,2727,BT,BIO TECHNOLOGY
ENG0230,2727,CE,CIVIL ENGINEERING
ENG0230,2727,CS,COMPUTER SCIENCE AND ENGINEERING
ENG0230,2727,EC,ELECTRONICS AND COMMUNICATION ENGINEERING
ENG0230,2727,EE,ELECTRICAL AND ELECTRONICS ENGINEERING
ENG0230,2727,EV,Electronics Engineering (VLSI Design and Technology)
ENG0230,2727,FD,FOOD TECHNOLOGY
ENG0230,2727,IT,INFORMATION TECHNOLOGY
ENG0230,2727,ME,MECHANICAL ENGINEERING
ENG0230,2727,SC,Computer Science and Engineering (Cyber Security)
ENG0231,2729,AD,Artificial Intelligence and Data Science
ENG0231,2729,AE,AERONAUTICAL ENGINEERING
ENG0231,2729,CB,COMPUTER SCIENCE AND BUSSINESS SYSTEM
ENG0231,2729,CS,COMPUTER SCIENCE AND ENGINEERING
ENG0231,2729,EC,ELECTRONICS AND COMMUNICATION ENGINEERING
ENG0231,2729,EE,ELECTRICAL AND ELECTRONICS ENGINEERING
ENG0231,2729,IT,INFORMATION TECHNOLOGY
ENG0231,2729,ME,MECHANICAL ENGINEERING
ENG0231,2729,MZ,Mechatronics Engineering
ENG0232,2731,AD,Artificial Intelligence and Data Science
ENG0232,2731,BM,BIO MEDICAL ENGINEERING
ENG0232,2731,CS,COMPUTER SCIENCE AND ENGINEERING
ENG0232,2731,EC,ELECTRONICS AND COMMUNICATION ENGINEERING
ENG0232,2731,EE,ELECTRICAL AND ELECTRONICS ENGINEERING
ENG0232,2731,IT,INFORMATION TECHNOLOGY
ENG0232,2731,ME,MECHANICAL ENGINEERING
ENG0232,2731,PC,PETRO CHEMICAL TECHNOLOGY
ENG0233,2732,AD,Artificial Intelligence and Data Science
ENG0233,2732,CS,COMPUTER SCIENCE AND ENGINEERING
ENG0233,2732,EC,ELECTRONICS AND COMMUNICATION ENGINEERING
ENG0233,2732,EE,ELECTRICAL AND ELECTRONICS ENGINEERING
ENG0233,2732,IT,INFORMATION TECHNOLOGY
ENG0233,2732,ME,MECHANICAL ENGINEERING
ENG0234,2733,CE,CIVIL ENGINEERING
ENG0234,2733,CS,COMPUTER SCIENCE AND ENGINEERING
ENG0234,2733,EC,ELECTRONICS AND COMMUNICATION ENGINEERING
ENG0234,2733,EE,ELECTRICAL AND ELECTRONICS ENGINEERING
ENG0234,2733,FT,FASHION TECHNOLOGY
ENG0234,2733,ME,MECHANICAL ENGINEERING
ENG0235,2735,AD,Artificial Intelligence and Data Science
ENG0235,2735,CS,COMPUTER SCIENCE AND ENGINEERING
ENG0235,2735,EC,ELECTRONICS AND COMMUNICATION ENGINEERING
ENG0235,2735,EE,ELECTRICAL AND ELECTRONICS ENGINEERING
ENG0235,2735,IT,INFORMATION TECHNOLOGY
ENG0235,2735,ME,MECHANICAL ENGINEERING
ENG0236,2736,AD,Artificial Intelligence and Data Science
ENG0236,2736,BM,BIO MEDICAL ENGINEERING
ENG0236,2736,CB,COMPUTER SCIENCE AND BUSSINESS SYSTEM
ENG0236,2736,CE,CIVIL ENGINEERING
ENG0236,2736,CS,COMPUTER SCIENCE AND ENGINEERING
ENG0236,2736,EC,ELECTRONICS AND COMMUNICATION ENGINEERING
ENG0236,2736,EE,ELECTRICAL AND ELECTRONICS ENGINEERING
ENG0236,2736,IT,INFORMATION TECHNOLOGY
ENG0236,2736,ME,MECHANICAL ENGINEERING
ENG0236,2736,SC,Computer Science and Engineering (Cyber Security)
ENG0237,2737,AD,Artificial Intelligence and Data Science
ENG0237,2737,AM,COMPUTER SCIENCE AND ENGINEERING (AI AND MACHINE LEARNING)
ENG0237,2737,CE,CIVIL ENGINEERING
ENG0237,2737,CS,COMPUTER SCIENCE AND ENGINEERING
ENG0237,2737,EC,ELECTRONICS AND COMMUNICATION ENGINEERING
ENG0237,2737,EE,ELECTRICAL AND ELECTRONICS ENGINEERING
ENG0237,2737,IT,INFORMATION TECHNOLOGY
ENG0237,2737,ME,MECHANICAL ENGINEERING
ENG0237,2737,SC,Computer Science and Engineering (Cyber Security)
ENG0238,2739,AD,Artificial Intelligence and Data Science
ENG0238,2739,AM,COMPUTER SCIENCE AND ENGINEERING (AI AND MACHINE LEARNING)
ENG0238,2739,CB,COMPUTER SCIENCE AND BUSSINESS SYSTEM
ENG0238,2739,CO,COMPUTER AND COMMUNICATION ENGINEERING
ENG0238,2739,CS,COMPUTER SCIENCE AND ENGINEERING
ENG0238,2739,EC,ELECTRONICS AND COMMUNICATION ENGINEERING
ENG0238,2739,EE,ELECTRICAL AND ELECTRONICS ENGINEERING
ENG0238,2739,IT,INFORMATION TECHNOLOGY
ENG0238,2739,ME,MECHANICAL ENGINEERING
ENG0238,2739,SC,Computer Science and Engineering (Cyber Security)
ENG0239,2740,AD,Artificial Intelligence and Data Science
ENG0239,2740,AE,AERONAUTICAL ENGINEERING
ENG0239,2740,CS,COMPUTER SCIENCE AND ENGINEERING
ENG0239,2740,EC,ELECTRONICS AND COMMUNICATION ENGINEERING
ENG0239,2740,IT,INFORMATION TECHNOLOGY
ENG0239,2740,ME,MECHANICAL ENGINEERING
ENG0240,2741,AD,Artificial Intelligence and Data Science
ENG0240,2741,CS,COMPUTER SCIENCE AND ENGINEERING
ENG0240,2741,EC,ELECTRONICS AND COMMUNICATION ENGINEERING
ENG0240,2741,EE,ELECTRICAL AND ELECTRONICS ENGINEERING
ENG0240,2741,IT,INFORMATION TECHNOLOGY
ENG0240,2741,ME,MECHANICAL ENGINEERING
ENG0241,2743,AD,Artificial Intelligence and Data Science
ENG0241,2743,AG,AGRICULTURAL ENGINEERING
ENG0241,2743,BM,BIO MEDICAL ENGINEERING
ENG0241,2743,CE,CIVIL ENGINEERING
ENG0241,2743,CS,COMPUTER SCIENCE AND ENGINEERING
ENG0241,2743,EC,ELECTRONICS AND COMMUNICATION ENGINEERING
ENG0241,2743,EE,ELECTRICAL AND ELECTRONICS ENGINEERING
ENG0241,2743,FD,FOOD TECHNOLOGY
ENG0241,2743,ME,MECHANICAL ENGINEERING
ENG0241,2743,SC,Computer Science and Engineering (Cyber Security)
ENG0242,2744,AD,Artificial Intelligence and Data Science
ENG0242,2744,CE,CIVIL ENGINEERING
ENG0242,2744,CS,COMPUTER SCIENCE AND ENGINEERING
ENG0242,2744,EC,ELECTRONICS AND COMMUNICATION ENGINEERING
ENG0242,2744,EE,ELECTRICAL AND ELECTRONICS ENGINEERING
ENG0242,2744,IT,INFORMATION TECHNOLOGY
ENG0242,2744,ME,MECHANICAL ENGINEERING
ENG0243,2745,AD,Artificial Intelligence and Data Science
ENG0243,2745,AM,COMPUTER SCIENCE AND ENGINEERING (AI AND MACHINE LEARNING)
ENG0243,2745,CO,COMPUTER AND COMMUNICATION ENGINEERING
ENG0243,2745,CS,COMPUTER SCIENCE AND ENGINEERING
ENG0243,2745,EC,ELECTRONICS AND COMMUNICATION ENGINEERING
ENG0243,2745,EE,ELECTRICAL AND ELECTRONICS ENGINEERING
ENG0243,2745,ME,MECHANICAL ENGINEERING
ENG0244,2747,AD,Artificial Intelligence and Data Science
ENG0244,2747,AM,COMPUTER SCIENCE AND ENGINEERING (AI AND MACHINE LEARNING)
ENG0244,2747,BM,BIO MEDICAL ENGINEERING
ENG0244,2747,BT,BIO TECHNOLOGY
ENG0244,2747,CE,CIVIL ENGINEERING
ENG0244,2747,CS,COMPUTER SCIENCE AND ENGINEERING
ENG0244,2747,EC,ELECTRONICS AND COMMUNICATION ENGINEERING
ENG0244,2747,EE,ELECTRICAL AND ELECTRONICS ENGINEERING
ENG0244,2747,IT,INFORMATION TECHNOLOGY
ENG0244,2747,ME,MECHANICAL ENGINEERING
ENG0244,2747,PH,PHARMACEUTICAL TECHNOLOGY
ENG0244,2747,SC,Computer Science and Engineering (Cyber Security)
ENG0245,2748,AD,Artificial Intelligence and Data Science
ENG0245,2748,AM,COMPUTER SCIENCE AND ENGINEERING (AI AND MACHINE LEARNING)
ENG0245,2748,BM,BIO MEDICAL ENGINEERING
ENG0245,2748,CS,COMPUTER SCIENCE AND ENGINEERING
ENG0245,2748,EC,ELECTRONICS AND COMMUNICATION ENGINEERING
ENG0245,2748,IT,INFORMATION TECHNOLOGY
ENG0245,2748,ME,MECHANICAL ENGINEERING
ENG0245,2748,SC,Computer Science and Engineering (Cyber Security)
ENG0246,2749,AD,Artificial Intelligence and Data Science
ENG0246,2749,AG,AGRICULTURAL ENGINEERING
ENG0246,2749,AM,COMPUTER SCIENCE AND ENGINEERING (AI AND MACHINE LEARNING)
ENG0246,2749,BM,BIO MEDICAL ENGINEERING
ENG0246,2749,CS,COMPUTER SCIENCE AND ENGINEERING
ENG0246,2749,EC,ELECTRONICS AND COMMUNICATION ENGINEERING
ENG0246,2749,EE,ELECTRICAL AND ELECTRONICS ENGINEERING
ENG0246,2749,IT,INFORMATION TECHNOLOGY
ENG0246,2749,ME,MECHANICAL ENGINEERING
ENG0246,2749,SC,Computer Science and Engineering (Cyber Security)
ENG0247,2750,AD,Artificial Intelligence and Data Science
ENG0247,2750,AE,AERONAUTICAL ENGINEERING
ENG0247,2750,AM,COMPUTER SCIENCE AND ENGINEERING (AI AND MACHINE LEARNING)
ENG0247,2750,BM,BIO MEDICAL ENGINEERING
ENG0247,2750,BT,BIO TECHNOLOGY
ENG0247,2750,CB,COMPUTER SCIENCE AND BUSSINESS SYSTEM
ENG0247,2750,CS,COMPUTER SCIENCE AND ENGINEERING
ENG0247,2750,EC,ELECTRONICS AND COMMUNICATION ENGINEERING
ENG0247,2750,EE,ELECTRICAL AND ELECTRONICS ENGINEERING
ENG0247,2750,EV,Electronics Engineering (VLSI Design and Technology)
ENG0247,2750,ME,MECHANICAL ENGINEERING
ENG0247,2750,SC,Computer Science and Engineering (Cyber Security)
ENG0248,2751,AD,Artificial Intelligence and Data Science
ENG0248,2751,AM,COMPUTER SCIENCE AND ENGINEERING (AI AND MACHINE LEARNING)
ENG0248,2751,CB,COMPUTER SCIENCE AND BUSSINESS SYSTEM
ENG0248,2751,CS,COMPUTER SCIENCE AND ENGINEERING
ENG0248,2751,EC,ELECTRONICS AND COMMUNICATION ENGINEERING
ENG0248,2751,IT,INFORMATION TECHNOLOGY
ENG0248,2751,ME,MECHANICAL ENGINEERING
ENG0248,2751,RM,ROBOTICS AND AUTOMATION
ENG0248,2751,SC,Computer Science and Engineering (Cyber Security)
ENG0249,2752,AD,Artificial Intelligence and Data Science
ENG0249,2752,CS,COMPUTER SCIENCE AND ENGINEERING
ENG0249,2752,EC,ELECTRONICS AND COMMUNICATION ENGINEERING
ENG0249,2752,EE,ELECTRICAL AND ELECTRONICS ENGINEERING
ENG0249,2752,IT,INFORMATION TECHNOLOGY
ENG0250,2753,AD,Artificial Intelligence and Data Science
ENG0250,2753,AG,AGRICULTURAL ENGINEERING
ENG0250,2753,AM,COMPUTER SCIENCE AND ENGINEERING (AI AND MACHINE LEARNING)
ENG0250,2753,BM,BIO MEDICAL ENGINEERING
ENG0250,2753,CS,COMPUTER SCIENCE AND ENGINEERING
ENG0250,2753,EC,ELECTRONICS AND COMMUNICATION ENGINEERING
ENG0250,2753,IT,INFORMATION TECHNOLOGY
ENG0250,2753,ME,MECHANICAL ENGINEERING
ENG0251,2755,AE,AERONAUTICAL ENGINEERING
ENG0251,2755,AG,AGRICULTURAL ENGINEERING
ENG0251,2755,AM,COMPUTER SCIENCE AND ENGINEERING (AI AND MACHINE LEARNING)
ENG0251,2755,CE,CIVIL ENGINEERING
ENG0251,2755,CO,COMPUTER AND COMMUNICATION ENGINEERING
ENG0251,2755,CS,COMPUTER SCIENCE AND ENGINEERING
ENG0251,2755,FD,FOOD TECHNOLOGY
ENG0251,2755,IT,INFORMATION TECHNOLOGY
ENG0251,2755,SC,Computer Science and Engineering (Cyber Security)
ENG0252,2758,AD,Artificial Intelligence and Data Science
ENG0252,2758,AU,AUTOMOBILE ENGINEERING
ENG0252,2758,CE,CIVIL ENGINEERING
ENG0252,2758,CS,COMPUTER SCIENCE AND ENGINEERING
ENG0252,2758,EC,ELECTRONICS AND COMMUNICATION ENGINEERING
ENG0252,2758,EE,ELECTRICAL AND ELECTRONICS ENGINEERING
ENG0252,2758,IT,INFORMATION TECHNOLOGY
ENG0252,2758,ME,MECHANICAL ENGINEERING
ENG0252,2758,SC,Computer Science and Engineering (Cyber Security)
ENG0253,2761,AD,Artificial Intelligence and Data Science
ENG0253,2761,CS,COMPUTER SCIENCE AND ENGINEERING
ENG0253,2761,EC,ELECTRONICS AND COMMUNICATION ENGINEERING
ENG0253,2761,IT,INFORMATION TECHNOLOGY
ENG0253,2761,RM,ROBOTICS AND AUTOMATION
ENG0253,2761,SC,Computer Science and Engineering (Cyber Security)
ENG0254,2762,AD,Artificial Intelligence and Data Science
ENG0254,2762,CB,COMPUTER SCIENCE AND BUSSINESS SYSTEM
ENG0254,2762,CE,CIVIL ENGINEERING
ENG0254,2762,CS,COMPUTER SCIENCE AND ENGINEERING
ENG0254,2762,EC,ELECTRONICS AND COMMUNICATION ENGINEERING
ENG0254,2762,ME,MECHANICAL ENGINEERING
ENG0255,2763,AD,Artificial Intelligence and Data Science
ENG0255,2763,CB,COMPUTER SCIENCE AND BUSSINESS SYSTEM
ENG0255,2763,CE,CIVIL ENGINEERING
ENG0255,2763,CS,COMPUTER SCIENCE AND ENGINEERING
ENG0255,2763,EC,ELECTRONICS AND COMMUNICATION ENGINEERING
ENG0255,2763,EE,ELECTRICAL AND ELECTRONICS ENGINEERING
ENG0255,2763,ME,MECHANICAL ENGINEERING
ENG0255,2763,MZ,Mechatronics Engineering
ENG0256,2764,AD,Artificial Intelligence and Data Science
ENG0256,2764,AM,COMPUTER SCIENCE AND ENGINEERING (AI AND MACHINE LEARNING)
ENG0256,2764,BM,BIO MEDICAL ENGINEERING
ENG0256,2764,CB,COMPUTER SCIENCE AND BUSSINESS SYSTEM
ENG0256,2764,CE,CIVIL ENGINEERING
ENG0256,2764,CH,CHEMICAL ENGINEERING
ENG0256,2764,CS,COMPUTER SCIENCE AND ENGINEERING
ENG0256,2764,EC,ELECTRONICS AND COMMUNICATION ENGINEERING
ENG0256,2764,EE,ELECTRICAL AND ELECTRONICS ENGINEERING
ENG0256,2764,IT,INFORMATION TECHNOLOGY
ENG0256,2764,ME,MECHANICAL ENGINEERING
ENG0256,2764,MZ,Mechatronics Engineering
ENG0256,2764,SC,Computer Science and Engineering (Cyber Security)
ENG0257,2767,AD,Artificial Intelligence and Data Science
ENG0257,2767,BM,BIO MEDICAL ENGINEERING
ENG0257,2767,CE,CIVIL ENGINEERING
ENG0257,2767,CS,COMPUTER SCIENCE AND ENGINEERING
ENG0257,2767,EE,ELECTRICAL AND ELECTRONICS ENGINEERING
ENG0257,2767,IT,INFORMATION TECHNOLOGY
ENG0257,2767,ME,MECHANICAL ENGINEERING
ENG0257,2767,SC,Computer Science and Engineering (Cyber Security)
ENG0258,2768,AD,Artificial Intelligence and Data Science
ENG0258,2768,AM,COMPUTER SCIENCE AND ENGINEERING (AI AND MACHINE LEARNING)
ENG0258,2768,AO,AEROSPACE ENGINEERING
ENG0258,2768,CE,CIVIL ENGINEERING
ENG0258,2768,CS,COMPUTER SCIENCE AND ENGINEERING
ENG0258,2768,EC,ELECTRONICS AND COMMUNICATION ENGINEERING
ENG0258,2768,EN,ENVIRONMENTAL ENGINEERING
ENG0258,2768,ME,MECHANICAL ENGINEERING
ENG0259,2769,AD,Artificial Intelligence and Data Science
ENG0259,2769,BC,Bio Technology and Bio Chemical Engineering
ENG0259,2769,CB,COMPUTER SCIENCE AND BUSSINESS SYSTEM
ENG0259,2769,CE,CIVIL ENGINEERING
ENG0259,2769,CS,COMPUTER SCIENCE AND ENGINEERING
ENG0259,2769,EC,ELECTRONICS AND COMMUNICATION ENGINEERING
ENG0259,2769,EE,ELECTRICAL AND ELECTRONICS ENGINEERING
ENG0259,2769,FD,FOOD TECHNOLOGY
ENG0259,2769,ME,MECHANICAL ENGINEERING
ENG0259,2769,PC,PETRO CHEMICAL TECHNOLOGY
ENG0259,2769,PE,PETROLEUM ENGINEERING
ENG0260,2770,AD,Artificial Intelligence and Data Science
ENG0260,2770,AM,COMPUTER SCIENCE AND ENGINEERING (AI AND MACHINE LEARNING)
ENG0260,2770,CS,COMPUTER SCIENCE AND ENGINEERING
ENG0260,2770,EC,ELECTRONICS AND COMMUNICATION ENGINEERING
ENG0260,2770,EE,ELECTRICAL AND ELECTRONICS ENGINEERING
ENG0260,2770,IT,INFORMATION TECHNOLOGY
ENG0260,2770,ME,MECHANICAL ENGINEERING
ENG0260,2770,SC,Computer Science and Engineering (Cyber Security)
ENG0261,2772,AD,Artificial Intelligence and Data Science
ENG0261,2772,AM,COMPUTER SCIENCE AND ENGINEERING (AI AND MACHINE LEARNING)
ENG0261,2772,CS,COMPUTER SCIENCE AND ENGINEERING
ENG0261,2772,EC,ELECTRONICS AND COMMUNICATION ENGINEERING
ENG0261,2772,IT,INFORMATION TECHNOLOGY
ENG0261,2772,ME,MECHANICAL ENGINEERING
ENG0261,2772,SC,Computer Science and Engineering (Cyber Security)
ENG0262,2776,AD,Artificial Intelligence and Data Science
ENG0262,2776,AG,AGRICULTURAL ENGINEERING
ENG0262,2776,AM,COMPUTER SCIENCE AND ENGINEERING (AI AND MACHINE LEARNING)
ENG0262,2776,AU,AUTOMOBILE ENGINEERING
ENG0262,2776,CE,CIVIL ENGINEERING
ENG0262,2776,CS,COMPUTER SCIENCE AND ENGINEERING
ENG0262,2776,EC,ELECTRONICS AND COMMUNICATION ENGINEERING
ENG0262,2776,ME,MECHANICAL ENGINEERING
ENG0262,2776,MZ,Mechatronics Engineering
ENG0262,2776,SC,Computer Science and Engineering (Cyber Security)
ENG0263,2777,AD,Artificial Intelligence and Data Science
ENG0263,2777,CS,COMPUTER SCIENCE AND ENGINEERING
ENG0263,2777,EC,ELECTRONICS AND COMMUNICATION ENGINEERING
ENG0263,2777,IT,INFORMATION TECHNOLOGY
ENG0264,3011,AM,COMPUTER SCIENCE AND ENGINEERING (AI AND MACHINE LEARNING)
ENG0264,3011,BT,BIO TECHNOLOGY
ENG0264,3011,CE,CIVIL ENGINEERING
ENG0264,3011,CF,COMPUTER SCIENCE AND ENGINEERING (DATA SCIENCE)
ENG0264,3011,CK,Civil Engineering (Environmental Engineering)
ENG0264,3011,CS,COMPUTER SCIENCE AND ENGINEERING
ENG0264,3011,EC,ELECTRONICS AND COMMUNICATION ENGINEERING
ENG0264,3011,EE,ELECTRICAL AND ELECTRONICS ENGINEERING
ENG0264,3011,EF,Electrical and Computer Engineering
ENG0264,3011,EV,Electronics Engineering (VLSI Design and Technology)
ENG0264,3011,IT,INFORMATION TECHNOLOGY
ENG0264,3011,MB,Mechanical Engineering (Automobile)
ENG0264,3011,ME,MECHANICAL ENGINEERING
ENG0264,3011,MJ,Mechanical and Smart Manufacturing
ENG0264,3011,PC,PETRO CHEMICAL TECHNOLOGY
ENG0264,3011,PH,PHARMACEUTICAL TECHNOLOGY
ENG0264,3011,XC,CIVIL ENGINEERING (TAMIL MEDIUM)
ENG0264,3011,XM,MECHANICAL ENGINEERING (TAMIL MEDIUM)
ENG0265,3016,CE,CIVIL ENGINEERING
ENG0265,3016,CS,COMPUTER SCIENCE AND ENGINEERING
ENG0265,3016,EC,ELECTRONICS AND COMMUNICATION ENGINEERING
ENG0265,3016,EE,ELECTRICAL AND ELECTRONICS ENGINEERING
ENG0265,3016,ME,MECHANICAL ENGINEERING
ENG0265,3016,XC,CIVIL ENGINEERING (TAMIL MEDIUM)
ENG0265,3016,XM,MECHANICAL ENGINEERING (TAMIL MEDIUM)
ENG0266,3018,AD,Artificial Intelligence and Data Science
ENG0266,3018,CE,CIVIL ENGINEERING
ENG0266,3018,CS,COMPUTER SCIENCE AND ENGINEERING
ENG0266,3018,EC,ELECTRONICS AND COMMUNICATION ENGINEERING
ENG0266,3018,EE,ELECTRICAL AND ELECTRONICS ENGINEERING
ENG0266,3018,EX,Electronics and Computer Engineering
ENG0266,3018,ME,MECHANICAL ENGINEERING
ENG0266,3018,XC,CIVIL ENGINEERING (TAMIL MEDIUM)
ENG0266,3018,XM,MECHANICAL ENGINEERING (TAMIL MEDIUM)
ENG0267,3019,AM,COMPUTER SCIENCE AND ENGINEERING (AI AND MACHINE LEARNING)
ENG0267,3019,CE,CIVIL ENGINEERING
ENG0267,3019,CS,COMPUTER SCIENCE AND ENGINEERING
ENG0267,3019,EC,ELECTRONICS AND COMMUNICATION ENGINEERING
ENG0267,3019,EE,ELECTRICAL AND ELECTRONICS ENGINEERING
ENG0267,3019,ME,MECHANICAL ENGINEERING
ENG0267,3019,XC,CIVIL ENGINEERING (TAMIL MEDIUM)
ENG0267,3019,XM,MECHANICAL ENGINEERING (TAMIL MEDIUM)
ENG0268,3021,AL,Artificial Intelligence and Machine Learning
ENG0268,3021,CE,CIVIL ENGINEERING
ENG0268,3021,CS,COMPUTER SCIENCE AND ENGINEERING
ENG0268,3021,EC,ELECTRONICS AND COMMUNICATION ENGINEERING
ENG0268,3021,EE,ELECTRICAL AND ELECTRONICS ENGINEERING
ENG0268,3021,ME,MECHANICAL ENGINEERING
ENG0268,3021,XC,CIVIL ENGINEERING (TAMIL MEDIUM)
ENG0268,3021,XM,MECHANICAL ENGINEERING (TAMIL MEDIUM)
ENG0269,3410,AD,Artificial Intelligence and Data Science
ENG0269,3410,CE,CIVIL ENGINEERING
ENG0269,3410,CS,COMPUTER SCIENCE AND ENGINEERING
ENG0269,3410,EC,ELECTRONICS AND COMMUNICATION ENGINEERING
ENG0269,3410,EE,ELECTRICAL AND ELECTRONICS ENGINEERING
ENG0269,3410,IT,INFORMATION TECHNOLOGY
ENG0269,3410,ME,MECHANICAL ENGINEERING
ENG0270,3425,AD,Artificial Intelligence and Data Science
ENG0270,3425,BM,BIO MEDICAL ENGINEERING
ENG0270,3425,CE,CIVIL ENGINEERING
ENG0270,3425,CS,COMPUTER SCIENCE AND ENGINEERING
ENG0270,3425,EC,ELECTRONICS AND COMMUNICATION ENGINEERING
ENG0270,3425,EE,ELECTRICAL AND ELECTRONICS ENGINEERING
ENG0270,3425,IT,INFORMATION TECHNOLOGY
ENG0270,3425,ME,MECHANICAL ENGINEERING
ENG0270,3425,RM,ROBOTICS AND AUTOMATION
ENG0271,3454,AD,Artificial Intelligence and Data Science
ENG0271,3454,AG,AGRICULTURAL ENGINEERING
ENG0271,3454,BM,BIO MEDICAL ENGINEERING
ENG0271,3454,CS,COMPUTER SCIENCE AND ENGINEERING
ENG0271,3454,EC,ELECTRONICS AND COMMUNICATION ENGINEERING
ENG0271,3454,ME,MECHANICAL ENGINEERING
ENG0271,3454,SC,Computer Science and Engineering (Cyber Security)
ENG0272,3456,AD,Artificial Intelligence and Data Science
ENG0272,3456,AG,AGRICULTURAL ENGINEERING
ENG0272,3456,AM,COMPUTER SCIENCE AND ENGINEERING (AI AND MACHINE LEARNING)
ENG0272,3456,BM,BIO MEDICAL ENGINEERING
ENG0272,3456,CS,COMPUTER SCIENCE AND ENGINEERING
ENG0272,3456,EC,ELECTRONICS AND COMMUNICATION ENGINEERING
ENG0272,3456,EE,ELECTRICAL AND ELECTRONICS ENGINEERING
ENG0272,3456,ME,MECHANICAL ENGINEERING
ENG0273,3461,AD,Artificial Intelligence and Data Science
ENG0273,3461,CS,COMPUTER SCIENCE AND ENGINEERING
ENG0273,3461,EC,ELECTRONICS AND COMMUNICATION ENGINEERING
ENG0273,3461,EE,ELECTRICAL AND ELECTRONICS ENGINEERING
ENG0273,3461,IT,INFORMATION TECHNOLOGY
ENG0273,3461,ME,MECHANICAL ENGINEERING
ENG0273,3461,SC,Computer Science and Engineering (Cyber Security)
ENG0274,3464,CE,CIVIL ENGINEERING
ENG0274,3464,CS,COMPUTER SCIENCE AND ENGINEERING
ENG0274,3464,EC,ELECTRONICS AND COMMUNICATION ENGINEERING
ENG0274,3464,EE,ELECTRICAL AND ELECTRONICS ENGINEERING
ENG0274,3464,ME,MECHANICAL ENGINEERING
ENG0274,3464,RM,ROBOTICS AND AUTOMATION
ENG0275,3465,CE,CIVIL ENGINEERING
ENG0275,3465,CS,COMPUTER SCIENCE AND ENGINEERING
ENG0275,3465,EC,ELECTRONICS AND COMMUNICATION ENGINEERING
ENG0275,3465,EE,ELECTRICAL AND ELECTRONICS ENGINEERING
ENG0275,3465,ME,MECHANICAL ENGINEERING
ENG0275,3465,MZ,Mechatronics Engineering
ENG0276,3466,AD,Artificial Intelligence and Data Science
ENG0276,3466,BM,BIO MEDICAL ENGINEERING
ENG0276,3466,CS,COMPUTER SCIENCE AND ENGINEERING
ENG0276,3466,EC,ELECTRONICS AND COMMUNICATION ENGINEERING
ENG0276,3466,EE,ELECTRICAL AND ELECTRONICS ENGINEERING
ENG0276,3466,ME,MECHANICAL ENGINEERING
ENG0277,3477,AD,Artificial Intelligence and Data Science
ENG0277,3477,CE,CIVIL ENGINEERING
ENG0277,3477,EC,ELECTRONICS AND COMMUNICATION ENGINEERING
ENG0277,3477,EE,ELECTRICAL AND ELECTRONICS ENGINEERING
ENG0277,3477,ME,MECHANICAL ENGINEERING
ENG0278,3701,AD,Artificial Intelligence and Data Science
ENG0278,3701,AM,COMPUTER SCIENCE AND ENGINEERING (AI AND MACHINE LEARNING)
ENG0278,3701,CE,CIVIL ENGINEERING
ENG0278,3701,CS,COMPUTER SCIENCE AND ENGINEERING
ENG0278,3701,EC,ELECTRONICS AND COMMUNICATION ENGINEERING
ENG0278,3701,EE,ELECTRICAL AND ELECTRONICS ENGINEERING
ENG0278,3701,IT,INFORMATION TECHNOLOGY
ENG0278,3701,ME,MECHANICAL ENGINEERING
ENG0279,3760,AD,Artificial Intelligence and Data Science
ENG0279,3760,AM,COMPUTER SCIENCE AND ENGINEERING (AI AND MACHINE LEARNING)
ENG0279,3760,CS,COMPUTER SCIENCE AND ENGINEERING
ENG0279,3760,EC,ELECTRONICS AND COMMUNICATION ENGINEERING
ENG0279,3760,IT,INFORMATION TECHNOLOGY
ENG0279,3760,ME,MECHANICAL ENGINEERING
ENG0280,3766,AD,Artificial Intelligence and Data Science
ENG0280,3766,CS,COMPUTER SCIENCE AND ENGINEERING
ENG0280,3766,EC,ELECTRONICS AND COMMUNICATION ENGINEERING
ENG0280,3766,IT,INFORMATION TECHNOLOGY
ENG0280,3766,ME,MECHANICAL ENGINEERING
ENG0281,3782,AD,Artificial Intelligence and Data Science
ENG0281,3782,AM,COMPUTER SCIENCE AND ENGINEERING (AI AND MACHINE LEARNING)
ENG0281,3782,CB,COMPUTER SCIENCE AND BUSSINESS SYSTEM
ENG0281,3782,CS,COMPUTER SCIENCE AND ENGINEERING
ENG0281,3782,EC,ELECTRONICS AND COMMUNICATION ENGINEERING
ENG0281,3782,EE,ELECTRICAL AND ELECTRONICS ENGINEERING
ENG0281,3782,IT,INFORMATION TECHNOLOGY
ENG0282,3786,AD,Artificial Intelligence and Data Science
ENG0282,3786,AE,AERONAUTICAL ENGINEERING
ENG0282,3786,BM,BIO MEDICAL ENGINEERING
ENG0282,3786,CS,COMPUTER SCIENCE AND ENGINEERING
ENG0282,3786,EC,ELECTRONICS AND COMMUNICATION ENGINEERING
ENG0282,3786,EE,ELECTRICAL AND ELECTRONICS ENGINEERING
ENG0282,3786,IT,INFORMATION TECHNOLOGY
ENG0282,3786,ME,MECHANICAL ENGINEERING
ENG0282,3786,MZ,Mechatronics Engineering
ENG0283,3795,AD,Artificial Intelligence and Data Science
ENG0283,3795,AM,COMPUTER SCIENCE AND ENGINEERING (AI AND MACHINE LEARNING)
ENG0283,3795,CE,CIVIL ENGINEERING
ENG0283,3795,CS,COMPUTER SCIENCE AND ENGINEERING
ENG0283,3795,EC,ELECTRONICS AND COMMUNICATION ENGINEERING
ENG0283,3795,EE,ELECTRICAL AND ELECTRONICS ENGINEERING
ENG0283,3795,IT,INFORMATION TECHNOLOGY
ENG0283,3795,ME,MECHANICAL ENGINEERING
ENG0284,3801,AD,Artificial Intelligence and Data Science
ENG0284,3801,CE,CIVIL ENGINEERING
ENG0284,3801,CS,COMPUTER SCIENCE AND ENGINEERING
ENG0284,3801,EC,ELECTRONICS AND COMMUNICATION ENGINEERING
ENG0284,3801,EE,ELECTRICAL AND ELECTRONICS ENGINEERING
ENG0284,3801,IC,INSTRUMENTATION AND CONTROL ENGINEERING
ENG0284,3801,IT,INFORMATION TECHNOLOGY
ENG0284,3801,ME,MECHANICAL ENGINEERING
ENG0285,3803,AD,Artificial Intelligence and Data Science
ENG0285,3803,CE,CIVIL ENGINEERING
ENG0285,3803,CH,CHEMICAL ENGINEERING
ENG0285,3803,CS,COMPUTER SCIENCE AND ENGINEERING
ENG0285,3803,EC,ELECTRONICS AND COMMUNICATION ENGINEERING
ENG0285,3803,EE,ELECTRICAL AND ELECTRONICS ENGINEERING
ENG0285,3803,IT,INFORMATION TECHNOLOGY
ENG0285,3803,ME,MECHANICAL ENGINEERING
ENG0286,3804,AD,Artificial Intelligence and Data Science
ENG0286,3804,BM,BIO MEDICAL ENGINEERING
ENG0286,3804,CS,COMPUTER SCIENCE AND ENGINEERING
ENG0286,3804,EC,ELECTRONICS AND COMMUNICATION ENGINEERING
ENG0286,3804,EE,ELECTRICAL AND ELECTRONICS ENGINEERING
ENG0286,3804,IT,INFORMATION TECHNOLOGY
ENG0286,3804,ME,MECHANICAL ENGINEERING
ENG0287,3805,AD,Artificial Intelligence and Data Science
ENG0287,3805,AE,AERONAUTICAL ENGINEERING
ENG0287,3805,BM,BIO MEDICAL ENGINEERING
ENG0287,3805,CE,CIVIL ENGINEERING
ENG0287,3805,CS,COMPUTER SCIENCE AND ENGINEERING
ENG0287,3805,EC,ELECTRONICS AND COMMUNICATION ENGINEERING
ENG0287,3805,EE,ELECTRICAL AND ELECTRONICS ENGINEERING
ENG0287,3805,FD,FOOD TECHNOLOGY
ENG0287,3805,IT,INFORMATION TECHNOLOGY
ENG0287,3805,ME,MECHANICAL ENGINEERING
ENG0287,3805,SC,Computer Science and Engineering (Cyber Security)
ENG0288,3806,AD,Artificial Intelligence and Data Science
ENG0288,3806,BM,BIO MEDICAL ENGINEERING
ENG0288,3806,CB,COMPUTER SCIENCE AND BUSSINESS SYSTEM
ENG0288,3806,CE,CIVIL ENGINEERING
ENG0288,3806,CS,COMPUTER SCIENCE AND ENGINEERING
ENG0288,3806,EC,ELECTRONICS AND COMMUNICATION ENGINEERING
ENG0288,3806,EE,ELECTRICAL AND ELECTRONICS ENGINEERING
ENG0288,3806,IT,INFORMATION TECHNOLOGY
ENG0288,3806,ME,MECHANICAL ENGINEERING
ENG0289,3807,AD,Artificial Intelligence and Data Science
ENG0289,3807,AE,AERONAUTICAL ENGINEERING
ENG0289,3807,CE,CIVIL ENGINEERING
ENG0289,3807,CS,COMPUTER SCIENCE AND ENGINEERING
ENG0289,3807,EC,ELECTRONICS AND COMMUNICATION ENGINEERING
ENG0289,3807,EE,ELECTRICAL AND ELECTRONICS ENGINEERING
ENG0289,3807,IT,INFORMATION TECHNOLOGY
ENG0289,3807,ME,MECHANICAL ENGINEERING
ENG0289,3807,SC,Computer Science and Engineering (Cyber Security)
ENG0290,3808,CE,CIVIL ENGINEERING
ENG0290,3808,CS,COMPUTER SCIENCE AND ENGINEERING
ENG0290,3808,EC,ELECTRONICS AND COMMUNICATION ENGINEERING
ENG0290,3808,EE,ELECTRICAL AND ELECTRONICS ENGINEERING
ENG0290,3808,IT,INFORMATION TECHNOLOGY
ENG0290,3808,ME,MECHANICAL ENGINEERING
ENG0291,3810,AD,Artificial Intelligence and Data Science
ENG0291,3810,AG,AGRICULTURAL ENGINEERING
ENG0291,3810,AM,COMPUTER SCIENCE AND ENGINEERING (AI AND MACHINE LEARNING)
ENG0291,3810,BM,BIO MEDICAL ENGINEERING
ENG0291,3810,BT,BIO TECHNOLOGY
ENG0291,3810,CE,CIVIL ENGINEERING
ENG0291,3810,CS,COMPUTER SCIENCE AND ENGINEERING
ENG0291,3810,EC,ELECTRONICS AND COMMUNICATION ENGINEERING
ENG0291,3810,EE,ELECTRICAL AND ELECTRONICS ENGINEERING
ENG0291,3810,EI,ELECTRONICS AND INSTRUMENTATION ENGINEERING
ENG0291,3810,FD,FOOD TECHNOLOGY
ENG0291,3810,IT,INFORMATION TECHNOLOGY
ENG0291,3810,ME,MECHANICAL ENGINEERING
ENG0291,3810,SC,Computer Science and Engineering (Cyber Security)
ENG0292,3811,AD,Artificial Intelligence and Data Science
ENG0292,3811,BM,BIO MEDICAL ENGINEERING
ENG0292,3811,CE,CIVIL ENGINEERING
ENG0292,3811,CS,COMPUTER SCIENCE AND ENGINEERING
ENG0292,3811,EC,ELECTRONICS AND COMMUNICATION ENGINEERING
ENG0292,3811,EE,ELECTRICAL AND ELECTRONICS ENGINEERING
ENG0292,3811,IT,INFORMATION TECHNOLOGY
ENG0292,3811,ME,MECHANICAL ENGINEERING
ENG0293,3812,AD,Artificial Intelligence and Data Science
ENG0293,3812,AM,COMPUTER SCIENCE AND ENGINEERING (AI AND MACHINE LEARNING)
ENG0293,3812,CE,CIVIL ENGINEERING
ENG0293,3812,CS,COMPUTER SCIENCE AND ENGINEERING
ENG0293,3812,EC,ELECTRONICS AND COMMUNICATION ENGINEERING
ENG0293,3812,EE,ELECTRICAL AND ELECTRONICS ENGINEERING
ENG0293,3812,EI,ELECTRONICS AND INSTRUMENTATION ENGINEERING
ENG0293,3812,IT,INFORMATION TECHNOLOGY
ENG0293,3812,ME,MECHANICAL ENGINEERING
ENG0294,3813,CE,CIVIL ENGINEERING
ENG0294,3813,CS,COMPUTER SCIENCE AND ENGINEERING
ENG0294,3813,EC,ELECTRONICS AND COMMUNICATION ENGINEERING
ENG0294,3813,EE,ELECTRICAL AND ELECTRONICS ENGINEERING
ENG0294,3813,IT,INFORMATION TECHNOLOGY
ENG0294,3813,ME,MECHANICAL ENGINEERING
ENG0295,3815,AD,Artificial Intelligence and Data Science
ENG0295,3815,BM,BIO MEDICAL ENGINEERING
ENG0295,3815,BT,BIO TECHNOLOGY
ENG0295,3815,CS,COMPUTER SCIENCE AND ENGINEERING
ENG0295,3815,EC,ELECTRONICS AND COMMUNICATION ENGINEERING
ENG0295,3815,EE,ELECTRICAL AND ELECTRONICS ENGINEERING
ENG0295,3815,IT,INFORMATION TECHNOLOGY
ENG0295,3815,ME,MECHANICAL ENGINEERING
ENG0295,3815,TX,TEXTILE TECHNOLOGY
ENG0296,3817,AD,Artificial Intelligence and Data Science
ENG0296,3817,BT,BIO TECHNOLOGY
ENG0296,3817,CE,CIVIL ENGINEERING
ENG0296,3817,CS,COMPUTER SCIENCE AND ENGINEERING
ENG0296,3817,EC,ELECTRONICS AND COMMUNICATION ENGINEERING
ENG0296,3817,EE,ELECTRICAL AND ELECTRONICS ENGINEERING
ENG0296,3817,ME,MECHANICAL ENGINEERING
ENG0297,3819,AD,Artificial Intelligence and Data Science
ENG0297,3819,AM,COMPUTER SCIENCE AND ENGINEERING (AI AND MACHINE LEARNING)
ENG0297,3819,CB,COMPUTER SCIENCE AND BUSSINESS SYSTEM
ENG0297,3819,CE,CIVIL ENGINEERING
ENG0297,3819,CS,COMPUTER SCIENCE AND ENGINEERING
ENG0297,3819,EC,ELECTRONICS AND COMMUNICATION ENGINEERING
ENG0297,3819,EE,ELECTRICAL AND ELECTRONICS ENGINEERING
ENG0297,3819,IC,INSTRUMENTATION AND CONTROL ENGINEERING
ENG0297,3819,IT,INFORMATION TECHNOLOGY
ENG0297,3819,ME,MECHANICAL ENGINEERING
ENG0298,3820,AD,Artificial Intelligence and Data Science
ENG0298,3820,AM,COMPUTER SCIENCE AND ENGINEERING (AI AND MACHINE LEARNING)
ENG0298,3820,CE,CIVIL ENGINEERING
ENG0298,3820,CS,COMPUTER SCIENCE AND ENGINEERING
ENG0298,3820,EC,ELECTRONICS AND COMMUNICATION ENGINEERING
ENG0298,3820,EE,ELECTRICAL AND ELECTRONICS ENGINEERING
ENG0298,3820,ME,MECHANICAL ENGINEERING
ENG0298,3820,MZ,Mechatronics Engineering
ENG0299,3821,AD,Artificial Intelligence and Data Science
ENG0299,3821,AG,AGRICULTURAL ENGINEERING
ENG0299,3821,BM,BIO MEDICAL ENGINEERING
ENG0299,3821,CE,CIVIL ENGINEERING
ENG0299,3821,CS,COMPUTER SCIENCE AND ENGINEERING
ENG0299,3821,EC,ELECTRONICS AND COMMUNICATION ENGINEERING
ENG0299,3821,EE,ELECTRICAL AND ELECTRONICS ENGINEERING
ENG0299,3821,ME,MECHANICAL ENGINEERING
ENG0300,3822,AD,Artificial Intelligence and Data Science
ENG0300,3822,BM,BIO MEDICAL ENGINEERING
ENG0300,3822,CE,CIVIL ENGINEERING
ENG0300,3822,CS,COMPUTER SCIENCE AND ENGINEERING
ENG0300,3822,EC,ELECTRONICS AND COMMUNICATION ENGINEERING
ENG0300,3822,EE,ELECTRICAL AND ELECTRONICS ENGINEERING
ENG0300,3822,IT,INFORMATION TECHNOLOGY
ENG0300,3822,ME,MECHANICAL ENGINEERING
ENG0301,3825,AD,Artificial Intelligence and Data Science
ENG0301,3825,CS,COMPUTER SCIENCE AND ENGINEERING
ENG0301,3825,EC,ELECTRONICS AND COMMUNICATION ENGINEERING
ENG0301,3825,EE,ELECTRICAL AND ELECTRONICS ENGINEERING
ENG0301,3825,IT,INFORMATION TECHNOLOGY
ENG0301,3825,ME,MECHANICAL ENGINEERING
ENG0302,3826,AD,Artificial Intelligence and Data Science
ENG0302,3826,AG,AGRICULTURAL ENGINEERING
ENG0302,3826,BM,BIO MEDICAL ENGINEERING
ENG0302,3826,CE,CIVIL ENGINEERING
ENG0302,3826,CS,COMPUTER SCIENCE AND ENGINEERING
ENG0302,3826,EC,ELECTRONICS AND COMMUNICATION ENGINEERING
ENG0302,3826,EE,ELECTRICAL AND ELECTRONICS ENGINEERING
ENG0302,3826,IT,INFORMATION TECHNOLOGY
ENG0302,3826,ME,MECHANICAL ENGINEERING
ENG0303,3829,AD,Artificial Intelligence and Data Science
ENG0303,3829,CE,CIVIL ENGINEERING
ENG0303,3829,CS,COMPUTER SCIENCE AND ENGINEERING
ENG0303,3829,EC,ELECTRONICS AND COMMUNICATION ENGINEERING
ENG0303,3829,EE,ELECTRICAL AND ELECTRONICS ENGINEERING
ENG0303,3829,IT,INFORMATION TECHNOLOGY
ENG0303,3829,ME,MECHANICAL ENGINEERING
ENG0304,3830,AD,Artificial Intelligence and Data Science
ENG0304,3830,AM,COMPUTER SCIENCE AND ENGINEERING (AI AND MACHINE LEARNING)
ENG0304,3830,CB,COMPUTER SCIENCE AND BUSSINESS SYSTEM
ENG0304,3830,CS,COMPUTER SCIENCE AND ENGINEERING
ENG0304,3830,EC,ELECTRONICS AND COMMUNICATION ENGINEERING
ENG0304,3830,EE,ELECTRICAL AND ELECTRONICS ENGINEERING
ENG0304,3830,IT,INFORMATION TECHNOLOGY
ENG0304,3830,ME,MECHANICAL ENGINEERING
ENG0305,3831,AD,Artificial Intelligence and Data Science
ENG0305,3831,AG,AGRICULTURAL ENGINEERING
ENG0305,3831,BM,BIO MEDICAL ENGINEERING
ENG0305,3831,CS,COMPUTER SCIENCE AND ENGINEERING
ENG0305,3831,EC,ELECTRONICS AND COMMUNICATION ENGINEERING
ENG0305,3831,EE,ELECTRICAL AND ELECTRONICS ENGINEERING
ENG0305,3831,IT,INFORMATION TECHNOLOGY
ENG0305,3831,ME,MECHANICAL ENGINEERING
ENG0306,3833,AE,AERONAUTICAL ENGINEERING
ENG0306,3833,CE,CIVIL ENGINEERING
ENG0306,3833,CS,COMPUTER SCIENCE AND ENGINEERING
ENG0306,3833,EC,ELECTRONICS AND COMMUNICATION ENGINEERING
ENG0306,3833,EE,ELECTRICAL AND ELECTRONICS ENGINEERING
ENG0306,3833,IT,INFORMATION TECHNOLOGY
ENG0306,3833,ME,MECHANICAL ENGINEERING
ENG0307,3841,AD,Artificial Intelligence and Data Science
ENG0307,3841,CE,CIVIL ENGINEERING
ENG0307,3841,CS,COMPUTER SCIENCE AND ENGINEERING
ENG0307,3841,DA,Bachelor of Design
ENG0307,3841,EC,ELECTRONICS AND COMMUNICATION ENGINEERING
ENG0307,3841,ME,MECHANICAL ENGINEERING
ENG0308,3843,AD,Artificial Intelligence and Data Science
ENG0308,3843,AM,COMPUTER SCIENCE AND ENGINEERING (AI AND MACHINE LEARNING)
ENG0308,3843,BM,BIO MEDICAL ENGINEERING
ENG0308,3843,CE,CIVIL ENGINEERING
ENG0308,3843,CS,COMPUTER SCIENCE AND ENGINEERING
ENG0308,3843,EC,ELECTRONICS AND COMMUNICATION ENGINEERING
ENG0308,3843,EE,ELECTRICAL AND ELECTRONICS ENGINEERING
ENG0308,3843,IT,INFORMATION TECHNOLOGY
ENG0308,3843,ME,MECHANICAL ENGINEERING
ENG0309,3844,AD,Artificial Intelligence and Data Science
ENG0309,3844,BM,BIO MEDICAL ENGINEERING
ENG0309,3844,CS,COMPUTER SCIENCE AND ENGINEERING
ENG0309,3844,EC,ELECTRONICS AND COMMUNICATION ENGINEERING
ENG0309,3844,EE,ELECTRICAL AND ELECTRONICS ENGINEERING
ENG0309,3844,IT,INFORMATION TECHNOLOGY
ENG0309,3844,ME,MECHANICAL ENGINEERING
ENG0309,3844,SC,Computer Science and Engineering (Cyber Security)
ENG0310,3845,AD,Artificial Intelligence and Data Science
ENG0310,3845,AM,COMPUTER SCIENCE AND ENGINEERING (AI AND MACHINE LEARNING)
ENG0310,3845,BM,BIO MEDICAL ENGINEERING
ENG0310,3845,CS,COMPUTER SCIENCE AND ENGINEERING
ENG0310,3845,EC,ELECTRONICS AND COMMUNICATION ENGINEERING
ENG0310,3845,EE,ELECTRICAL AND ELECTRONICS ENGINEERING
ENG0310,3845,IT,INFORMATION TECHNOLOGY
ENG0310,3845,ME,MECHANICAL ENGINEERING
ENG0310,3845,SC,Computer Science and Engineering (Cyber Security)
ENG0311,3846,AD,Artificial Intelligence and Data Science
ENG0311,3846,CB,COMPUTER SCIENCE AND BUSSINESS SYSTEM
ENG0311,3846,CE,CIVIL ENGINEERING
ENG0311,3846,CS,COMPUTER SCIENCE AND ENGINEERING
ENG0311,3846,EC,ELECTRONICS AND COMMUNICATION ENGINEERING
ENG0311,3846,EE,ELECTRICAL AND ELECTRONICS ENGINEERING
ENG0311,3846,ME,MECHANICAL ENGINEERING
ENG0311,3846,RM,ROBOTICS AND AUTOMATION
ENG0312,3848,AD,Artificial Intelligence and Data Science
ENG0312,3848,CE,CIVIL ENGINEERING
ENG0312,3848,CS,COMPUTER SCIENCE AND ENGINEERING
ENG0312,3848,EC,ELECTRONICS AND COMMUNICATION ENGINEERING
ENG0312,3848,EE,ELECTRICAL AND ELECTRONICS ENGINEERING
ENG0312,3848,IT,INFORMATION TECHNOLOGY
ENG0312,3848,ME,MECHANICAL ENGINEERING
ENG0313,3849,AD,Artificial Intelligence and Data Science
ENG0313,3849,CE,CIVIL ENGINEERING
ENG0313,3849,CS,COMPUTER SCIENCE AND ENGINEERING
ENG0313,3849,EC,ELECTRONICS AND COMMUNICATION ENGINEERING
ENG0313,3849,EE,ELECTRICAL AND ELECTRONICS ENGINEERING
ENG0313,3849,IT,INFORMATION TECHNOLOGY
ENG0313,3849,ME,MECHANICAL ENGINEERING
ENG0313,3849,SC,Computer Science and Engineering (Cyber Security)
ENG0314,3852,AD,Artificial Intelligence and Data Science
ENG0314,3852,CE,CIVIL ENGINEERING
ENG0314,3852,CS,COMPUTER SCIENCE AND ENGINEERING
ENG0314,3852,EC,ELECTRONICS AND COMMUNICATION ENGINEERING
ENG0314,3852,EE,ELECTRICAL AND ELECTRONICS ENGINEERING
ENG0314,3852,IT,INFORMATION TECHNOLOGY
ENG0315,3854,AD,Artificial Intelligence and Data Science
ENG0315,3854,AG,AGRICULTURAL ENGINEERING
ENG0315,3854,CE,CIVIL ENGINEERING
ENG0315,3854,CS,COMPUTER SCIENCE AND ENGINEERING
ENG0315,3854,EE,ELECTRICAL AND ELECTRONICS ENGINEERING
ENG0315,3854,IT,INFORMATION TECHNOLOGY
ENG0315,3854,ME,MECHANICAL ENGINEERING
ENG0315,3854,SC,Computer Science and Engineering (Cyber Security)
ENG0316,3855,AD,Artificial Intelligence and Data Science
ENG0316,3855,CE,CIVIL ENGINEERING
ENG0316,3855,CS,COMPUTER SCIENCE AND ENGINEERING
ENG0316,3855,EC,ELECTRONICS AND COMMUNICATION ENGINEERING
ENG0316,3855,EE,ELECTRICAL AND ELECTRONICS ENGINEERING
ENG0316,3855,IT,INFORMATION TECHNOLOGY
ENG0316,3855,ME,MECHANICAL ENGINEERING
ENG0316,3855,SC,Computer Science and Engineering (Cyber Security)
ENG0317,3857,AG,AGRICULTURAL ENGINEERING
ENG0317,3857,AM,COMPUTER SCIENCE AND ENGINEERING (AI AND MACHINE LEARNING)
ENG0317,3857,BM,BIO MEDICAL ENGINEERING
ENG0317,3857,CE,CIVIL ENGINEERING
ENG0317,3857,CS,COMPUTER SCIENCE AND ENGINEERING
ENG0317,3857,EC,ELECTRONICS AND COMMUNICATION ENGINEERING
ENG0317,3857,EE,ELECTRICAL AND ELECTRONICS ENGINEERING
ENG0317,3857,ME,MECHANICAL ENGINEERING
ENG0318,3860,AM,COMPUTER SCIENCE AND ENGINEERING (AI AND MACHINE LEARNING)
ENG0318,3860,CS,COMPUTER SCIENCE AND ENGINEERING
ENG0318,3860,EC,ELECTRONICS AND COMMUNICATION ENGINEERING
ENG0318,3860,EE,ELECTRICAL AND ELECTRONICS ENGINEERING
ENG0318,3860,ME,MECHANICAL ENGINEERING
ENG0319,3905,AD,Artificial Intelligence and Data Science
ENG0319,3905,CE,CIVIL ENGINEERING
ENG0319,3905,CS,COMPUTER SCIENCE AND ENGINEERING
ENG0319,3905,EC,ELECTRONICS AND COMMUNICATION ENGINEERING
ENG0319,3905,EE,ELECTRICAL AND ELECTRONICS ENGINEERING
ENG0319,3905,IT,INFORMATION TECHNOLOGY
ENG0319,3905,ME,MECHANICAL ENGINEERING
ENG0320,3908,AD,Artificial Intelligence and Data Science
ENG0320,3908,CE,CIVIL ENGINEERING
ENG0320,3908,CS,COMPUTER SCIENCE AND ENGINEERING
ENG0320,3908,EC,ELECTRONICS AND COMMUNICATION ENGINEERING
ENG0320,3908,EE,ELECTRICAL AND ELECTRONICS ENGINEERING
ENG0320,3908,IT,INFORMATION TECHNOLOGY
ENG0320,3908,ME,MECHANICAL ENGINEERING
ENG0321,3918,AD,Artificial Intelligence and Data Science
ENG0321,3918,AM,COMPUTER SCIENCE AND ENGINEERING (AI AND MACHINE LEARNING)
ENG0321,3918,CE,CIVIL ENGINEERING
ENG0321,3918,CS,COMPUTER SCIENCE AND ENGINEERING
ENG0321,3918,EC,ELECTRONICS AND COMMUNICATION ENGINEERING
ENG0321,3918,EE,ELECTRICAL AND ELECTRONICS ENGINEERING
ENG0321,3918,IT,INFORMATION TECHNOLOGY
ENG0321,3918,ME,MECHANICAL ENGINEERING
ENG0321,3918,SC,Computer Science and Engineering (Cyber Security)
ENG0322,3920,AD,Artificial Intelligence and Data Science
ENG0322,3920,AM,COMPUTER SCIENCE AND ENGINEERING (AI AND MACHINE LEARNING)
ENG0322,3920,CE,CIVIL ENGINEERING
ENG0322,3920,CS,COMPUTER SCIENCE AND ENGINEERING
ENG0322,3920,EC,ELECTRONICS AND COMMUNICATION ENGINEERING
ENG0322,3920,EE,ELECTRICAL AND ELECTRONICS ENGINEERING
ENG0322,3920,IT,INFORMATION TECHNOLOGY
ENG0322,3920,ME,MECHANICAL ENGINEERING
ENG0322,3920,SC,Computer Science and Engineering (Cyber Security)
ENG0323,3923,AD,Artificial Intelligence and Data Science
ENG0323,3923,AG,AGRICULTURAL ENGINEERING
ENG0323,3923,CE,CIVIL ENGINEERING
ENG0323,3923,CS,COMPUTER SCIENCE AND ENGINEERING
ENG0323,3923,EC,ELECTRONICS AND COMMUNICATION ENGINEERING
ENG0323,3923,EE,ELECTRICAL AND ELECTRONICS ENGINEERING
ENG0323,3923,ME,MECHANICAL ENGINEERING
ENG0324,3926,AD,Artificial Intelligence and Data Science
ENG0324,3926,CE,CIVIL ENGINEERING
ENG0324,3926,CS,COMPUTER SCIENCE AND ENGINEERING
ENG0324,3926,EC,ELECTRONICS AND COMMUNICATION ENGINEERING
ENG0324,3926,EE,ELECTRICAL AND ELECTRONICS ENGINEERING
ENG0324,3926,IT,INFORMATION TECHNOLOGY
ENG0324,3926,ME,MECHANICAL ENGINEERING
ENG0325,4020,AD,Artificial Intelligence and Data Science
ENG0325,4020,CS,COMPUTER SCIENCE AND ENGINEERING
ENG0325,4020,EC,ELECTRONICS AND COMMUNICATION ENGINEERING
ENG0325,4020,GI,GEO INFORMATICS
ENG0325,4020,ME,MECHANICAL ENGINEERING
ENG0326,4023,CE,CIVIL ENGINEERING
ENG0326,4023,CS,COMPUTER SCIENCE AND ENGINEERING
ENG0326,4023,EC,ELECTRONICS AND COMMUNICATION ENGINEERING
ENG0326,4023,EE,ELECTRICAL AND ELECTRONICS ENGINEERING
ENG0326,4023,IT,INFORMATION TECHNOLOGY
ENG0326,4023,ME,MECHANICAL ENGINEERING
ENG0326,4023,XC,CIVIL ENGINEERING (TAMIL MEDIUM)
ENG0326,4023,XM,MECHANICAL ENGINEERING (TAMIL MEDIUM)
ENG0327,4024,CE,CIVIL ENGINEERING
ENG0327,4024,CS,COMPUTER SCIENCE AND ENGINEERING
ENG0327,4024,EC,ELECTRONICS AND COMMUNICATION ENGINEERING
ENG0327,4024,EE,ELECTRICAL AND ELECTRONICS ENGINEERING
ENG0327,4024,ME,MECHANICAL ENGINEERING
ENG0327,4024,XC,CIVIL ENGINEERING (TAMIL MEDIUM)
ENG0327,4024,XM,MECHANICAL ENGINEERING (TAMIL MEDIUM)
ENG0328,4669,AD,Artificial Intelligence and Data Science
ENG0328,4669,CE,CIVIL ENGINEERING
ENG0328,4669,CS,COMPUTER SCIENCE AND ENGINEERING
ENG0328,4669,EC,ELECTRONICS AND COMMUNICATION ENGINEERING
ENG0328,4669,EE,ELECTRICAL AND ELECTRONICS ENGINEERING
ENG0328,4669,IT,INFORMATION TECHNOLOGY
ENG0328,4669,ME,MECHANICAL ENGINEERING
ENG0328,4669,SC,Computer Science and Engineering (Cyber Security)
ENG0329,4670,AD,Artificial Intelligence and Data Science
ENG0329,4670,AG,AGRICULTURAL ENGINEERING
ENG0329,4670,AM,COMPUTER SCIENCE AND ENGINEERING (AI AND MACHINE LEARNING)
ENG0329,4670,BM,BIO MEDICAL ENGINEERING
ENG0329,4670,CE,CIVIL ENGINEERING
ENG0329,4670,CS,COMPUTER SCIENCE AND ENGINEERING
ENG0329,4670,EC,ELECTRONICS AND COMMUNICATION ENGINEERING
ENG0329,4670,EE,ELECTRICAL AND ELECTRONICS ENGINEERING
ENG0329,4670,ME,MECHANICAL ENGINEERING
ENG0330,4672,AD,Artificial Intelligence and Data Science
ENG0330,4672,CE,CIVIL ENGINEERING
ENG0330,4672,CS,COMPUTER SCIENCE AND ENGINEERING
ENG0330,4672,EC,ELECTRONICS AND COMMUNICATION ENGINEERING
ENG0330,4672,EE,ELECTRICAL AND ELECTRONICS ENGINEERING
ENG0330,4672,ME,MECHANICAL ENGINEERING
ENG0331,4675,AD,Artificial Intelligence and Data Science
ENG0331,4675,CB,COMPUTER SCIENCE AND BUSSINESS SYSTEM
ENG0331,4675,CE,CIVIL ENGINEERING
ENG0331,4675,CS,COMPUTER SCIENCE AND ENGINEERING
ENG0331,4675,EC,ELECTRONICS AND COMMUNICATION ENGINEERING
ENG0331,4675,EE,ELECTRICAL AND ELECTRONICS ENGINEERING
ENG0331,4675,ME,MECHANICAL ENGINEERING
ENG0332,4676,AD,Artificial Intelligence and Data Science
ENG0332,4676,CS,COMPUTER SCIENCE AND ENGINEERING
ENG0332,4676,EC,ELECTRONICS AND COMMUNICATION ENGINEERING
ENG0332,4676,EE,ELECTRICAL AND ELECTRONICS ENGINEERING
ENG0332,4676,ME,MECHANICAL ENGINEERING
ENG0333,4677,AD,Artificial Intelligence and Data Science
ENG0333,4677,CS,COMPUTER SCIENCE AND ENGINEERING
ENG0333,4677,EC,ELECTRONICS AND COMMUNICATION ENGINEERING
ENG0333,4677,EE,ELECTRICAL AND ELECTRONICS ENGINEERING
ENG0333,4677,IT,INFORMATION TECHNOLOGY
ENG0334,4678,AD,Artificial Intelligence and Data Science
ENG0334,4678,AM,COMPUTER SCIENCE AND ENGINEERING (AI AND MACHINE LEARNING)
ENG0334,4678,CB,COMPUTER SCIENCE AND BUSSINESS SYSTEM
ENG0334,4678,CE,CIVIL ENGINEERING
ENG0334,4678,CS,COMPUTER SCIENCE AND ENGINEERING
ENG0334,4678,EC,ELECTRONICS AND COMMUNICATION ENGINEERING
ENG0334,4678,EE,ELECTRICAL AND ELECTRONICS ENGINEERING
ENG0334,4678,IT,INFORMATION TECHNOLOGY
ENG0334,4678,ME,MECHANICAL ENGINEERING
ENG0335,4680,AD,Artificial Intelligence and Data Science
ENG0335,4680,CE,CIVIL ENGINEERING
ENG0335,4680,CS,COMPUTER SCIENCE AND ENGINEERING
ENG0335,4680,EC,ELECTRONICS AND COMMUNICATION ENGINEERING
ENG0335,4680,EE,ELECTRICAL AND ELECTRONICS ENGINEERING
ENG0335,4680,IT,INFORMATION TECHNOLOGY
ENG0335,4680,ME,MECHANICAL ENGINEERING
ENG0335,4680,SC,Computer Science and Engineering (Cyber Security)
ENG0336,4686,AD,Artificial Intelligence and Data Science
ENG0336,4686,CE,CIVIL ENGINEERING
ENG0336,4686,CS,COMPUTER SCIENCE AND ENGINEERING
ENG0336,4686,EC,ELECTRONICS AND COMMUNICATION ENGINEERING
ENG0336,4686,IT,INFORMATION TECHNOLOGY
ENG0336,4686,ME,MECHANICAL ENGINEERING
ENG0337,4864,AD,Artificial Intelligence and Data Science
ENG0337,4864,CE,CIVIL ENGINEERING
ENG0337,4864,CS,COMPUTER SCIENCE AND ENGINEERING
ENG0337,4864,EC,ELECTRONICS AND COMMUNICATION ENGINEERING
ENG0337,4864,EE,ELECTRICAL AND ELECTRONICS ENGINEERING
ENG0337,4864,ME,MECHANICAL ENGINEERING
ENG0338,4917,AD,Artificial Intelligence and Data Science
ENG0338,4917,AG,AGRICULTURAL ENGINEERING
ENG0338,4917,AM,COMPUTER SCIENCE AND ENGINEERING (AI AND MACHINE LEARNING)
ENG0338,4917,BM,BIO MEDICAL ENGINEERING
ENG0338,4917,BT,BIO TECHNOLOGY
ENG0338,4917,CB,COMPUTER SCIENCE AND BUSSINESS SYSTEM
ENG0338,4917,CD,COMPUTER SCIENCE AND DESIGN
ENG0338,4917,CE,CIVIL ENGINEERING
ENG0338,4917,CI,Computer Science and Engineering (Internet of Things)
ENG0338,4917,CS,COMPUTER SCIENCE AND ENGINEERING
ENG0338,4917,EC,ELECTRONICS AND COMMUNICATION ENGINEERING
ENG0338,4917,EE,ELECTRICAL AND ELECTRONICS ENGINEERING
ENG0338,4917,IT,INFORMATION TECHNOLOGY
ENG0338,4917,ME,MECHANICAL ENGINEERING
ENG0338,4917,SC,Computer Science and Engineering (Cyber Security)
ENG0339,4925,AD,Artificial Intelligence and Data Science
ENG0339,4925,AU,AUTOMOBILE ENGINEERING
ENG0339,4925,BC,Bio Technology and Bio Chemical Engineering
ENG0339,4925,CE,CIVIL ENGINEERING
ENG0339,4925,CH,CHEMICAL ENGINEERING
ENG0339,4925,CS,COMPUTER SCIENCE AND ENGINEERING
ENG0339,4925,CX,CHEMICAL AND ELECTRO CHEMICAL ENGINEERING
ENG0339,4925,EE,ELECTRICAL AND ELECTRONICS ENGINEERING
ENG0339,4925,FD,FOOD TECHNOLOGY
ENG0339,4925,IT,INFORMATION TECHNOLOGY
ENG0339,4925,MD,MEDICAL ELECTRONICS ENGINEERING
ENG0339,4925,ME,MECHANICAL ENGINEERING
ENG0339,4925,PC,PETRO CHEMICAL TECHNOLOGY
ENG0339,4925,PH,PHARMACEUTICAL TECHNOLOGY
ENG0340,4927,AD,Artificial Intelligence and Data Science
ENG0340,4927,AM,COMPUTER SCIENCE AND ENGINEERING (AI AND MACHINE LEARNING)
ENG0340,4927,AU,AUTOMOBILE ENGINEERING
ENG0340,4927,CE,CIVIL ENGINEERING
ENG0340,4927,CS,COMPUTER SCIENCE AND ENGINEERING
ENG0340,4927,EC,ELECTRONICS AND COMMUNICATION ENGINEERING
ENG0340,4927,EE,ELECTRICAL AND ELECTRONICS ENGINEERING
ENG0340,4927,IT,INFORMATION TECHNOLOGY
ENG0340,4927,ME,MECHANICAL ENGINEERING
ENG0341,4928,AD,Artificial Intelligence and Data Science
ENG0341,4928,CE,CIVIL ENGINEERING
ENG0341,4928,CS,COMPUTER SCIENCE AND ENGINEERING
ENG0341,4928,EC,ELECTRONICS AND COMMUNICATION ENGINEERING
ENG0341,4928,EE,ELECTRICAL AND ELECTRONICS ENGINEERING
ENG0341,4928,ME,MECHANICAL ENGINEERING
ENG0342,4929,AD,Artificial Intelligence and Data Science
ENG0342,4929,CE,CIVIL ENGINEERING
ENG0342,4929,CS,COMPUTER SCIENCE AND ENGINEERING
ENG0342,4929,EC,ELECTRONICS AND COMMUNICATION ENGINEERING
ENG0342,4929,EE,ELECTRICAL AND ELECTRONICS ENGINEERING
ENG0342,4929,ME,MECHANICAL ENGINEERING
ENG0343,4931,AD,Artificial Intelligence and Data Science
ENG0343,4931,CE,CIVIL ENGINEERING
ENG0343,4931,CS,COMPUTER SCIENCE AND ENGINEERING
ENG0343,4931,EC,ELECTRONICS AND COMMUNICATION ENGINEERING
ENG0343,4931,EE,ELECTRICAL AND ELECTRONICS ENGINEERING
ENG0343,4931,ME,MECHANICAL ENGINEERING
ENG0344,4932,AD,Artificial Intelligence and Data Science
ENG0344,4932,AE,AERONAUTICAL ENGINEERING
ENG0344,4932,AG,AGRICULTURAL ENGINEERING
ENG0344,4932,BM,BIO MEDICAL ENGINEERING
ENG0344,4932,CE,CIVIL ENGINEERING
ENG0344,4932,CS,COMPUTER SCIENCE AND ENGINEERING
ENG0344,4932,EC,ELECTRONICS AND COMMUNICATION ENGINEERING
ENG0344,4932,EE,ELECTRICAL AND ELECTRONICS ENGINEERING
ENG0344,4932,FD,FOOD TECHNOLOGY
ENG0344,4932,IT,INFORMATION TECHNOLOGY
ENG0344,4932,ME,MECHANICAL ENGINEERING
ENG0344,4932,RM,ROBOTICS AND AUTOMATION
ENG0344,4932,SC,Computer Science and Engineering (Cyber Security)
ENG0345,4933,AD,Artificial Intelligence and Data Science
ENG0345,4933,CS,COMPUTER SCIENCE AND ENGINEERING
ENG0345,4933,EC,ELECTRONICS AND COMMUNICATION ENGINEERING
ENG0345,4933,EE,ELECTRICAL AND ELECTRONICS ENGINEERING
ENG0345,4933,ME,MECHANICAL ENGINEERING
ENG0346,4934,AD,Artificial Intelligence and Data Science
ENG0346,4934,BM,BIO MEDICAL ENGINEERING
ENG0346,4934,CS,COMPUTER SCIENCE AND ENGINEERING
ENG0346,4934,EC,ELECTRONICS AND COMMUNICATION ENGINEERING
ENG0346,4934,EE,ELECTRICAL AND ELECTRONICS ENGINEERING
ENG0346,4934,IT,INFORMATION TECHNOLOGY
ENG0346,4934,ME,MECHANICAL ENGINEERING
ENG0347,4938,AD,Artificial Intelligence and Data Science
ENG0347,4938,AG,AGRICULTURAL ENGINEERING
ENG0347,4938,BM,BIO MEDICAL ENGINEERING
ENG0347,4938,CE,CIVIL ENGINEERING
ENG0347,4938,CS,COMPUTER SCIENCE AND ENGINEERING
ENG0347,4938,EE,ELECTRICAL AND ELECTRONICS ENGINEERING
ENG0348,4941,AD,Artificial Intelligence and Data Science
ENG0348,4941,CS,COMPUTER SCIENCE AND ENGINEERING
ENG0348,4941,EC,ELECTRONICS AND COMMUNICATION ENGINEERING
ENG0348,4941,EE,ELECTRICAL AND ELECTRONICS ENGINEERING
ENG0348,4941,SC,Computer Science and Engineering (Cyber Security)
ENG0349,4943,AE,AERONAUTICAL ENGINEERING
ENG0349,4943,CE,CIVIL ENGINEERING
ENG0349,4943,CS,COMPUTER SCIENCE AND ENGINEERING
ENG0349,4943,EC,ELECTRONICS AND COMMUNICATION ENGINEERING
ENG0349,4943,EE,ELECTRICAL AND ELECTRONICS ENGINEERING
ENG0349,4943,ME,MECHANICAL ENGINEERING
ENG0350,4944,AD,Artificial Intelligence and Data Science
ENG0350,4944,CS,COMPUTER SCIENCE AND ENGINEERING
ENG0350,4944,EC,ELECTRONICS AND COMMUNICATION ENGINEERING
ENG0350,4944,EE,ELECTRICAL AND ELECTRONICS ENGINEERING
ENG0350,4944,IT,INFORMATION TECHNOLOGY
ENG0351,4946,AD,Artificial Intelligence and Data Science
ENG0351,4946,CS,COMPUTER SCIENCE AND ENGINEERING
ENG0351,4946,EC,ELECTRONICS AND COMMUNICATION ENGINEERING
ENG0351,4946,EE,ELECTRICAL AND ELECTRONICS ENGINEERING
ENG0351,4946,IT,INFORMATION TECHNOLOGY
ENG0351,4946,ME,MECHANICAL ENGINEERING
ENG0352,4949,AD,Artificial Intelligence and Data Science
ENG0352,4949,CE,CIVIL ENGINEERING
ENG0352,4949,CS,COMPUTER SCIENCE AND ENGINEERING
ENG0352,4949,EC,ELECTRONICS AND COMMUNICATION ENGINEERING
ENG0352,4949,EE,ELECTRICAL AND ELECTRONICS ENGINEERING
ENG0352,4949,IN,INDUSTRIAL ENGINEERING AND MANAGEMENT
ENG0352,4949,IT,INFORMATION TECHNOLOGY
ENG0352,4949,ME,MECHANICAL ENGINEERING
ENG0352,4949,MZ,Mechatronics Engineering
ENG0353,4952,AD,Artificial Intelligence and Data Science
ENG0353,4952,AM,COMPUTER SCIENCE AND ENGINEERING (AI AND MACHINE LEARNING)
ENG0353,4952,CE,CIVIL ENGINEERING
ENG0353,4952,CS,COMPUTER SCIENCE AND ENGINEERING
ENG0353,4952,EC,ELECTRONICS AND COMMUNICATION ENGINEERING
ENG0353,4952,EE,ELECTRICAL AND ELECTRONICS ENGINEERING
ENG0353,4952,IT,INFORMATION TECHNOLOGY
ENG0353,4952,ME,MECHANICAL ENGINEERING
ENG0354,4953,AM,COMPUTER SCIENCE AND ENGINEERING (AI AND MACHINE LEARNING)
ENG0354,4953,CE,CIVIL ENGINEERING
ENG0354,4953,CS,COMPUTER SCIENCE AND ENGINEERING
ENG0354,4953,EC,ELECTRONICS AND COMMUNICATION ENGINEERING
ENG0354,4953,EE,ELECTRICAL AND ELECTRONICS ENGINEERING
ENG0354,4953,IT,INFORMATION TECHNOLOGY
ENG0354,4953,ME,MECHANICAL ENGINEERING
ENG0355,4954,AD,Artificial Intelligence and Data Science
ENG0355,4954,CE,CIVIL ENGINEERING
ENG0355,4954,CS,COMPUTER SCIENCE AND ENGINEERING
ENG0355,4954,EC,ELECTRONICS AND COMMUNICATION ENGINEERING
ENG0355,4954,EE,ELECTRICAL AND ELECTRONICS ENGINEERING
ENG0355,4954,IT,INFORMATION TECHNOLOGY
ENG0355,4954,ME,MECHANICAL ENGINEERING
ENG0356,4955,AD,Artificial Intelligence and Data Science
ENG0356,4955,CS,COMPUTER SCIENCE AND ENGINEERING
ENG0356,4955,EC,ELECTRONICS AND COMMUNICATION ENGINEERING
ENG0356,4955,EE,ELECTRICAL AND ELECTRONICS ENGINEERING
ENG0356,4955,IT,INFORMATION TECHNOLOGY
ENG0356,4955,ME,MECHANICAL ENGINEERING
ENG0357,4956,CE,CIVIL ENGINEERING
ENG0357,4956,CS,COMPUTER SCIENCE AND ENGINEERING
ENG0357,4956,EC,ELECTRONICS AND COMMUNICATION ENGINEERING
ENG0357,4956,EE,ELECTRICAL AND ELECTRONICS ENGINEERING
ENG0357,4956,IC,INSTRUMENTATION AND CONTROL ENGINEERING
ENG0357,4956,ME,MECHANICAL ENGINEERING
ENG0358,4957,AD,Artificial Intelligence and Data Science
ENG0358,4957,CS,COMPUTER SCIENCE AND ENGINEERING
ENG0358,4957,EC,ELECTRONICS AND COMMUNICATION ENGINEERING
ENG0358,4957,IT,INFORMATION TECHNOLOGY
ENG0358,4957,ME,MECHANICAL ENGINEERING
ENG0359,4959,AD,Artificial Intelligence and Data Science
ENG0359,4959,BT,BIO TECHNOLOGY
ENG0359,4959,CE,CIVIL ENGINEERING
ENG0359,4959,CS,COMPUTER SCIENCE AND ENGINEERING
ENG0359,4959,EC,ELECTRONICS AND COMMUNICATION ENGINEERING
ENG0359,4959,EE,ELECTRICAL AND ELECTRONICS ENGINEERING
ENG0359,4959,IT,INFORMATION TECHNOLOGY
ENG0359,4959,ME,MECHANICAL ENGINEERING
ENG0359,4959,MZ,Mechatronics Engineering
ENG0360,4960,AD,Artificial Intelligence and Data Science
ENG0360,4960,BM,BIO MEDICAL ENGINEERING
ENG0360,4960,BT,BIO TECHNOLOGY
ENG0360,4960,CE,CIVIL ENGINEERING
ENG0360,4960,CS,COMPUTER SCIENCE AND ENGINEERING
ENG0360,4960,EC,ELECTRONICS AND COMMUNICATION ENGINEERING
ENG0360,4960,EE,ELECTRICAL AND ELECTRONICS ENGINEERING
ENG0360,4960,IT,INFORMATION TECHNOLOGY
ENG0360,4960,ME,MECHANICAL ENGINEERING
ENG0361,4961,AD,Artificial Intelligence and Data Science
ENG0361,4961,CE,CIVIL ENGINEERING
ENG0361,4961,CS,COMPUTER SCIENCE AND ENGINEERING
ENG0361,4961,EC,ELECTRONICS AND COMMUNICATION ENGINEERING
ENG0361,4961,EE,ELECTRICAL AND ELECTRONICS ENGINEERING
ENG0361,4961,ME,MECHANICAL ENGINEERING
ENG0361,4961,SC,Computer Science and Engineering (Cyber Security)
ENG0362,4962,AD,Artificial Intelligence and Data Science
ENG0362,4962,CE,CIVIL ENGINEERING
ENG0362,4962,CS,COMPUTER SCIENCE AND ENGINEERING
ENG0362,4962,EC,ELECTRONICS AND COMMUNICATION ENGINEERING
ENG0362,4962,EE,ELECTRICAL AND ELECTRONICS ENGINEERING
ENG0362,4962,IT,INFORMATION TECHNOLOGY
ENG0362,4962,ME,MECHANICAL ENGINEERING
ENG0363,4964,AD,Artificial Intelligence and Data Science
ENG0363,4964,AE,AERONAUTICAL ENGINEERING
ENG0363,4964,AM,COMPUTER SCIENCE AND ENGINEERING (AI AND MACHINE LEARNING)
ENG0363,4964,BM,BIO MEDICAL ENGINEERING
ENG0363,4964,CE,CIVIL ENGINEERING
ENG0363,4964,CS,COMPUTER SCIENCE AND ENGINEERING
ENG0363,4964,EC,ELECTRONICS AND COMMUNICATION ENGINEERING
ENG0363,4964,EE,ELECTRICAL AND ELECTRONICS ENGINEERING
ENG0363,4964,ME,MECHANICAL ENGINEERING
ENG0363,4964,MR,MARINE ENGINEERING
ENG0363,4964,MU,MECHANICAL AND AUTOMATION ENGINEERING
ENG0364,4965,AD,Artificial Intelligence and Data Science
ENG0364,4965,BM,BIO MEDICAL ENGINEERING
ENG0364,4965,BT,BIO TECHNOLOGY
ENG0364,4965,CE,CIVIL ENGINEERING
ENG0364,4965,CS,COMPUTER SCIENCE AND ENGINEERING
ENG0364,4965,EC,ELECTRONICS AND COMMUNICATION ENGINEERING
ENG0364,4965,EE,ELECTRICAL AND ELECTRONICS ENGINEERING
ENG0364,4965,IT,INFORMATION TECHNOLOGY
ENG0364,4965,ME,MECHANICAL ENGINEERING
ENG0365,4966,AD,Artificial Intelligence and Data Science
ENG0365,4966,CE,CIVIL ENGINEERING
ENG0365,4966,CS,COMPUTER SCIENCE AND ENGINEERING
ENG0365,4966,EC,ELECTRONICS AND COMMUNICATION ENGINEERING
ENG0365,4966,EE,ELECTRICAL AND ELECTRONICS ENGINEERING
ENG0365,4966,ME,MECHANICAL ENGINEERING
ENG0366,4967,AD,Artificial Intelligence and Data Science
ENG0366,4967,CE,CIVIL ENGINEERING
ENG0366,4967,CS,COMPUTER SCIENCE AND ENGINEERING
ENG0366,4967,EC,ELECTRONICS AND COMMUNICATION ENGINEERING
ENG0366,4967,EE,ELECTRICAL AND ELECTRONICS ENGINEERING
ENG0366,4967,IT,INFORMATION TECHNOLOGY
ENG0366,4967,ME,MECHANICAL ENGINEERING
ENG0366,4967,SC,Computer Science and Engineering (Cyber Security)
ENG0367,4968,AD,Artificial Intelligence and Data Science
ENG0367,4968,CE,CIVIL ENGINEERING
ENG0367,4968,CS,COMPUTER SCIENCE AND ENGINEERING
ENG0367,4968,EC,ELECTRONICS AND COMMUNICATION ENGINEERING
ENG0367,4968,EE,ELECTRICAL AND ELECTRONICS ENGINEERING
ENG0367,4968,ME,MECHANICAL ENGINEERING
ENG0367,4968,SC,Computer Science and Engineering (Cyber Security)
ENG0368,4969,AD,Artificial Intelligence and Data Science
ENG0368,4969,CS,COMPUTER SCIENCE AND ENGINEERING
ENG0368,4969,EC,ELECTRONICS AND COMMUNICATION ENGINEERING
ENG0368,4969,EE,ELECTRICAL AND ELECTRONICS ENGINEERING
ENG0368,4969,IT,INFORMATION TECHNOLOGY
ENG0368,4969,ME,MECHANICAL ENGINEERING
ENG0369,4970,AD,Artificial Intelligence and Data Science
ENG0369,4970,CE,CIVIL ENGINEERING
ENG0369,4970,CS,COMPUTER SCIENCE AND ENGINEERING
ENG0369,4970,EC,ELECTRONICS AND COMMUNICATION ENGINEERING
ENG0369,4970,EE,ELECTRICAL AND ELECTRONICS ENGINEERING
ENG0369,4970,ME,MECHANICAL ENGINEERING
ENG0370,4971,AD,Artificial Intelligence and Data Science
ENG0370,4971,CE,CIVIL ENGINEERING
ENG0370,4971,CS,COMPUTER SCIENCE AND ENGINEERING
ENG0370,4971,EC,ELECTRONICS AND COMMUNICATION ENGINEERING
ENG0370,4971,EE,ELECTRICAL AND ELECTRONICS ENGINEERING
ENG0370,4971,IT,INFORMATION TECHNOLOGY
ENG0370,4971,ME,MECHANICAL ENGINEERING
ENG0370,4971,SC,Computer Science and Engineering (Cyber Security)
ENG0371,4974,CE,CIVIL ENGINEERING
ENG0371,4974,CS,COMPUTER SCIENCE AND ENGINEERING
ENG0371,4974,EC,ELECTRONICS AND COMMUNICATION ENGINEERING
ENG0371,4974,EE,ELECTRICAL AND ELECTRONICS ENGINEERING
ENG0371,4974,EI,ELECTRONICS AND INSTRUMENTATION ENGINEERING
ENG0371,4974,IB,INDUSTRIAL BIO TECHNOLOGY
ENG0371,4974,ME,MECHANICAL ENGINEERING
ENG0372,4975,CE,CIVIL ENGINEERING
ENG0372,4975,CS,COMPUTER SCIENCE AND ENGINEERING
ENG0372,4975,EC,ELECTRONICS AND COMMUNICATION ENGINEERING
ENG0372,4975,EE,ELECTRICAL AND ELECTRONICS ENGINEERING
ENG0372,4975,ME,MECHANICAL ENGINEERING
ENG0373,4976,AD,Artificial Intelligence and Data Science
ENG0373,4976,AE,AERONAUTICAL ENGINEERING
ENG0373,4976,AG,AGRICULTURAL ENGINEERING
ENG0373,4976,CS,COMPUTER SCIENCE AND ENGINEERING
ENG0373,4976,EC,ELECTRONICS AND COMMUNICATION ENGINEERING
ENG0373,4976,EE,ELECTRICAL AND ELECTRONICS ENGINEERING
ENG0373,4976,ME,MECHANICAL ENGINEERING
ENG0374,4977,AD,Artificial Intelligence and Data Science
ENG0374,4977,CE,CIVIL ENGINEERING
ENG0374,4977,CS,COMPUTER SCIENCE AND ENGINEERING
ENG0374,4977,EC,ELECTRONICS AND COMMUNICATION ENGINEERING
ENG0374,4977,EE,ELECTRICAL AND ELECTRONICS ENGINEERING
ENG0374,4977,IT,INFORMATION TECHNOLOGY
ENG0374,4977,ME,MECHANICAL ENGINEERING
ENG0375,4978,AE,AERONAUTICAL ENGINEERING
ENG0375,4978,AG,AGRICULTURAL ENGINEERING
ENG0375,4978,AM,COMPUTER SCIENCE AND ENGINEERING (AI AND MACHINE LEARNING)
ENG0375,4978,BM,BIO MEDICAL ENGINEERING
ENG0375,4978,BT,BIO TECHNOLOGY
ENG0375,4978,CE,CIVIL ENGINEERING
ENG0375,4978,CS,COMPUTER SCIENCE AND ENGINEERING
ENG0375,4978,EC,ELECTRONICS AND COMMUNICATION ENGINEERING
ENG0375,4978,EE,ELECTRICAL AND ELECTRONICS ENGINEERING
ENG0375,4978,ME,MECHANICAL ENGINEERING
ENG0375,4978,RM,ROBOTICS AND AUTOMATION
ENG0375,4978,SC,Computer Science and Engineering (Cyber Security)
ENG0376,4979,AD,Artificial Intelligence and Data Science
ENG0376,4979,AM,COMPUTER SCIENCE AND ENGINEERING (AI AND MACHINE LEARNING)
ENG0376,4979,CE,CIVIL ENGINEERING
ENG0376,4979,CS,COMPUTER SCIENCE AND ENGINEERING
ENG0376,4979,EC,ELECTRONICS AND COMMUNICATION ENGINEERING
ENG0376,4979,EE,ELECTRICAL AND ELECTRONICS ENGINEERING
ENG0376,4979,IT,INFORMATION TECHNOLOGY
ENG0376,4979,SC,Computer Science and Engineering (Cyber Security)
ENG0377,4980,AD,Artificial Intelligence and Data Science
ENG0377,4980,CE,CIVIL ENGINEERING
ENG0377,4980,CS,COMPUTER SCIENCE AND ENGINEERING
ENG0377,4980,EC,ELECTRONICS AND COMMUNICATION ENGINEERING
ENG0377,4980,EE,ELECTRICAL AND ELECTRONICS ENGINEERING
ENG0377,4980,ME,MECHANICAL ENGINEERING
ENG0378,4981,AD,Artificial Intelligence and Data Science
ENG0378,4981,AM,COMPUTER SCIENCE AND ENGINEERING (AI AND MACHINE LEARNING)
ENG0378,4981,CE,CIVIL ENGINEERING
ENG0378,4981,CS,COMPUTER SCIENCE AND ENGINEERING
ENG0378,4981,EC,ELECTRONICS AND COMMUNICATION ENGINEERING
ENG0378,4981,EE,ELECTRICAL AND ELECTRONICS ENGINEERING
ENG0378,4981,IT,INFORMATION TECHNOLOGY
ENG0378,4981,ME,MECHANICAL ENGINEERING
ENG0379,4982,AD,Artificial Intelligence and Data Science
ENG0379,4982,AG,AGRICULTURAL ENGINEERING
ENG0379,4982,AM,COMPUTER SCIENCE AND ENGINEERING (AI AND MACHINE LEARNING)
ENG0379,4982,CE,CIVIL ENGINEERING
ENG0379,4982,CS,COMPUTER SCIENCE AND ENGINEERING
ENG0379,4982,EC,ELECTRONICS AND COMMUNICATION ENGINEERING
ENG0379,4982,EE,ELECTRICAL AND ELECTRONICS ENGINEERING
ENG0379,4982,IT,INFORMATION TECHNOLOGY
ENG0379,4982,ME,MECHANICAL ENGINEERING
ENG0379,4982,SC,Computer Science and Engineering (Cyber Security)
ENG0380,4983,AE,AERONAUTICAL ENGINEERING
ENG0380,4983,AG,AGRICULTURAL ENGINEERING
ENG0380,4983,CE,CIVIL ENGINEERING
ENG0380,4983,CS,COMPUTER SCIENCE AND ENGINEERING
ENG0380,4983,EC,ELECTRONICS AND COMMUNICATION ENGINEERING
ENG0380,4983,EE,ELECTRICAL AND ELECTRONICS ENGINEERING
ENG0380,4983,ME,MECHANICAL ENGINEERING
ENG0380,4983,RM,ROBOTICS AND AUTOMATION
ENG0381,4984,AD,Artificial Intelligence and Data Science
ENG0381,4984,CE,CIVIL ENGINEERING
ENG0381,4984,CS,COMPUTER SCIENCE AND ENGINEERING
ENG0381,4984,EC,ELECTRONICS AND COMMUNICATION ENGINEERING
ENG0381,4984,EE,ELECTRICAL AND ELECTRONICS ENGINEERING
ENG0381,4984,IT,INFORMATION TECHNOLOGY
ENG0381,4984,ME,MECHANICAL ENGINEERING
ENG0382,4986,AD,ARTIFICIAL INTELLIGENCE AND DATA SCIENCE
ENG0382,4986,CS,COMPUTER SCIENCE AND ENGINEERING
ENG0382,4986,EC,ELECTRONICS AND COMMUNICATION ENGINEERING
ENG0382,4986,EE,ELECTRICAL AND ELECTRONICS ENGINEERING
ENG0382,4986,IT,INFORMATION TECHNOLOGY
ENG0382,4986,ME,MECHANICAL ENGINEERING
ENG0383,4989,AD,Artificial Intelligence and Data Science
ENG0383,4989,AG,AGRICULTURAL ENGINEERING
ENG0383,4989,AU,AUTOMOBILE ENGINEERING
ENG0383,4989,BM,BIO MEDICAL ENGINEERING
ENG0383,4989,CE,CIVIL ENGINEERING
ENG0383,4989,CS,COMPUTER SCIENCE AND ENGINEERING
ENG0383,4989,EC,ELECTRONICS AND COMMUNICATION ENGINEERING
ENG0383,4989,IT,INFORMATION TECHNOLOGY
ENG0383,4989,ME,MECHANICAL ENGINEERING
ENG0384,4992,AM,COMPUTER SCIENCE AND ENGINEERING (AI AND MACHINE LEARNING)
ENG0384,4992,BM,BIO MEDICAL ENGINEERING
ENG0384,4992,CE,CIVIL ENGINEERING
ENG0384,4992,CS,COMPUTER SCIENCE AND ENGINEERING
ENG0384,4992,EC,ELECTRONICS AND COMMUNICATION ENGINEERING
ENG0384,4992,EE,ELECTRICAL AND ELECTRONICS ENGINEERING
ENG0384,4992,IT,INFORMATION TECHNOLOGY
ENG0384,4992,ME,MECHANICAL ENGINEERING
ENG0385,4993,AD,Artificial Intelligence and Data Science
ENG0385,4993,AG,AGRICULTURAL ENGINEERING
ENG0385,4993,AM,COMPUTER SCIENCE AND ENGINEERING (AI AND MACHINE LEARNING)
ENG0385,4993,BM,BIO MEDICAL ENGINEERING
ENG0385,4993,CS,COMPUTER SCIENCE AND ENGINEERING
ENG0385,4993,EC,ELECTRONICS AND COMMUNICATION ENGINEERING
ENG0385,4993,EE,ELECTRICAL AND ELECTRONICS ENGINEERING
ENG0385,4993,IT,INFORMATION TECHNOLOGY
ENG0385,4993,ME,MECHANICAL ENGINEERING
ENG0386,4994,AD,Artificial Intelligence and Data Science
ENG0386,4994,CE,CIVIL ENGINEERING
ENG0386,4994,CS,COMPUTER SCIENCE AND ENGINEERING
ENG0386,4994,EC,ELECTRONICS AND COMMUNICATION ENGINEERING
ENG0386,4994,EE,ELECTRICAL AND ELECTRONICS ENGINEERING
ENG0386,4994,IT,INFORMATION TECHNOLOGY
ENG0386,4994,ME,MECHANICAL ENGINEERING
ENG0387,4996,AD,Artificial Intelligence and Data Science
ENG0387,4996,CB,COMPUTER SCIENCE AND BUSSINESS SYSTEM
ENG0387,4996,CE,CIVIL ENGINEERING
ENG0387,4996,CS,COMPUTER SCIENCE AND ENGINEERING
ENG0387,4996,EC,ELECTRONICS AND COMMUNICATION ENGINEERING
ENG0387,4996,EE,ELECTRICAL AND ELECTRONICS ENGINEERING
ENG0387,4996,ME,MECHANICAL ENGINEERING
ENG0388,4998,CE,CIVIL ENGINEERING
ENG0388,4998,CS,COMPUTER SCIENCE AND ENGINEERING
ENG0388,4998,EC,ELECTRONICS AND COMMUNICATION ENGINEERING
ENG0388,4998,EE,ELECTRICAL AND ELECTRONICS ENGINEERING
ENG0388,4998,ME,MECHANICAL ENGINEERING
ENG0389,4999,AD,Artificial Intelligence and Data Science
ENG0389,4999,BM,BIO MEDICAL ENGINEERING
ENG0389,4999,CS,COMPUTER SCIENCE AND ENGINEERING
ENG0389,4999,EC,ELECTRONICS AND COMMUNICATION ENGINEERING
ENG0389,4999,ME,MECHANICAL ENGINEERING
ENG0390,5008,CE,CIVIL ENGINEERING
ENG0390,5008,CG,Computer Science and Engineering (Artificial Intelligence and Machine Learning) (SS)
ENG0390,5008,CM,COMPUTER SCIENCE AND ENGINEERING (SS)
ENG0390,5008,CN,CIVIL ENGINEERING (SS)
ENG0390,5008,CS,COMPUTER SCIENCE AND ENGINEERING
ENG0390,5008,CW,Computer Science and Business System (SS)
ENG0390,5008,EC,ELECTRONICS AND COMMUNICATION ENGINEERING
ENG0390,5008,EE,ELECTRICAL AND ELECTRONICS ENGINEERING
ENG0390,5008,EM,ELECTRONICS AND COMMUNICATION ENGINEERING (SS)
ENG0390,5008,EY,ELECTRICAL AND ELECTRONICS ENGINEERING (SS)
ENG0390,5008,ID,Interior Design (SS)
ENG0390,5008,IM,INFORMATION TECHNOLOGY (SS)
ENG0390,5008,ME,MECHANICAL ENGINEERING
ENG0390,5008,MF,MECHANICAL ENGINEERING (SS)
ENG0390,5008,MG,MECHATRONICS (SS)
ENG0391,5009,CE,CIVIL ENGINEERING
ENG0391,5009,CF,COMPUTER SCIENCE AND ENGINEERING (DATA SCIENCE)
ENG0391,5009,CS,COMPUTER SCIENCE AND ENGINEERING
ENG0391,5009,EC,ELECTRONICS AND COMMUNICATION ENGINEERING
ENG0391,5009,EE,ELECTRICAL AND ELECTRONICS ENGINEERING
ENG0391,5009,ME,MECHANICAL ENGINEERING
ENG0392,5010,AM,COMPUTER SCIENCE AND ENGINEERING (AI AND MACHINE LEARNING)
ENG0392,5010,CE,CIVIL ENGINEERING
ENG0392,5010,CS,COMPUTER SCIENCE AND ENGINEERING
ENG0392,5010,EC,ELECTRONICS AND COMMUNICATION ENGINEERING
ENG0392,5010,EE,ELECTRICAL AND ELECTRONICS ENGINEERING
ENG0392,5010,ME,MECHANICAL ENGINEERING
ENG0393,5012,CC,CHEMICAL AND ELECTRO CHEMICAL ENGINEERING (SS)
ENG0394,5017,CE,CIVIL ENGINEERING
ENG0394,5017,CS,COMPUTER SCIENCE AND ENGINEERING
ENG0394,5017,EC,ELECTRONICS AND COMMUNICATION ENGINEERING
ENG0394,5017,EF,Electrical and Computer Engineering
ENG0394,5017,ME,MECHANICAL ENGINEERING
ENG0394,5017,XC,CIVIL ENGINEERING (TAMIL MEDIUM)
ENG0394,5017,XM,MECHANICAL ENGINEERING (TAMIL MEDIUM)
ENG0395,5022,CE,CIVIL ENGINEERING
ENG0395,5022,CS,COMPUTER SCIENCE AND ENGINEERING
ENG0395,5022,EC,ELECTRONICS AND COMMUNICATION ENGINEERING
ENG0395,5022,EE,ELECTRICAL AND ELECTRONICS ENGINEERING
ENG0395,5022,ME,MECHANICAL ENGINEERING
ENG0395,5022,XC,CIVIL ENGINEERING (TAMIL MEDIUM)
ENG0395,5022,XM,MECHANICAL ENGINEERING (TAMIL MEDIUM)
ENG0396,5502,AD,Artificial Intelligence and Data Science
ENG0396,5502,AG,AGRICULTURAL ENGINEERING
ENG0396,5502,CE,CIVIL ENGINEERING
ENG0396,5502,CS,COMPUTER SCIENCE AND ENGINEERING
ENG0396,5502,EC,ELECTRONICS AND COMMUNICATION ENGINEERING
ENG0396,5502,EE,ELECTRICAL AND ELECTRONICS ENGINEERING
ENG0396,5502,ME,MECHANICAL ENGINEERING
ENG0397,5530,AD,Artificial Intelligence and Data Science
ENG0397,5530,AM,COMPUTER SCIENCE AND ENGINEERING (AI AND MACHINE LEARNING)
ENG0397,5530,CB,COMPUTER SCIENCE AND BUSSINESS SYSTEM
ENG0397,5530,CE,CIVIL ENGINEERING
ENG0397,5530,CS,COMPUTER SCIENCE AND ENGINEERING
ENG0397,5530,EC,ELECTRONICS AND COMMUNICATION ENGINEERING
ENG0397,5530,EE,ELECTRICAL AND ELECTRONICS ENGINEERING
ENG0397,5530,IT,INFORMATION TECHNOLOGY
ENG0397,5530,ME,MECHANICAL ENGINEERING
ENG0397,5530,SC,Computer Science and Engineering (Cyber Security)
ENG0398,5532,CE,CIVIL ENGINEERING
ENG0398,5532,CS,COMPUTER SCIENCE AND ENGINEERING
ENG0398,5532,EC,ELECTRONICS AND COMMUNICATION ENGINEERING
ENG0398,5532,EE,ELECTRICAL AND ELECTRONICS ENGINEERING
ENG0398,5532,ME,MECHANICAL ENGINEERING
ENG0399,5533,AD,Artificial Intelligence and Data Science
ENG0399,5533,AG,AGRICULTURAL ENGINEERING
ENG0399,5533,CE,CIVIL ENGINEERING
ENG0399,5533,CS,COMPUTER SCIENCE AND ENGINEERING
ENG0399,5533,EC,ELECTRONICS AND COMMUNICATION ENGINEERING
ENG0399,5533,EE,ELECTRICAL AND ELECTRONICS ENGINEERING
ENG0399,5533,FT,FASHION TECHNOLOGY
ENG0399,5533,ME,MECHANICAL ENGINEERING
ENG0400,5536,AG,AGRICULTURAL ENGINEERING
ENG0400,5536,AM,COMPUTER SCIENCE AND ENGINEERING (AI AND MACHINE LEARNING)
ENG0400,5536,CS,COMPUTER SCIENCE AND ENGINEERING
ENG0400,5536,EC,ELECTRONICS AND COMMUNICATION ENGINEERING
ENG0400,5536,EE,ELECTRICAL AND ELECTRONICS ENGINEERING
ENG0400,5536,EV,Electronics Engineering (VLSI Design and Technology)
ENG0400,5536,IT,INFORMATION TECHNOLOGY
ENG0400,5536,ME,MECHANICAL ENGINEERING
ENG0401,5537,AD,Artificial Intelligence and Data Science
ENG0401,5537,BM,BIO MEDICAL ENGINEERING
ENG0401,5537,CE,CIVIL ENGINEERING
ENG0401,5537,CS,COMPUTER SCIENCE AND ENGINEERING
ENG0401,5537,EC,ELECTRONICS AND COMMUNICATION ENGINEERING
ENG0401,5537,EE,ELECTRICAL AND ELECTRONICS ENGINEERING
ENG0401,5537,ME,MECHANICAL ENGINEERING
ENG0402,5545,AD,Artificial Intelligence and Data Science
ENG0402,5545,AM,COMPUTER SCIENCE AND ENGINEERING (AI AND MACHINE LEARNING)
ENG0402,5545,CS,COMPUTER SCIENCE AND ENGINEERING
ENG0402,5545,EC,ELECTRONICS AND COMMUNICATION ENGINEERING
ENG0402,5545,IT,INFORMATION TECHNOLOGY
ENG0403,5546,AM,Computer Science and Engineering (Artificial Intelligence and Machine Learning)
ENG0403,5546,CF,Computer Science and Engineering (Data Science)
ENG0403,5546,CS,Computer Science and Engineering
ENG0403,5546,ME,Mechanical Engineering
ENG0404,5703,AD,Artificial Intelligence and Data Science
ENG0404,5703,AG,AGRICULTURAL ENGINEERING
ENG0404,5703,AM,COMPUTER SCIENCE AND ENGINEERING (AI AND MACHINE LEARNING)
ENG0404,5703,CE,CIVIL ENGINEERING
ENG0404,5703,CS,COMPUTER SCIENCE AND ENGINEERING
ENG0404,5703,EC,ELECTRONICS AND COMMUNICATION ENGINEERING
ENG0404,5703,EE,ELECTRICAL AND ELECTRONICS ENGINEERING
ENG0404,5703,IT,INFORMATION TECHNOLOGY
ENG0404,5703,ME,MECHANICAL ENGINEERING
ENG0405,5832,AD,Artificial Intelligence and Data Science
ENG0405,5832,AM,COMPUTER SCIENCE AND ENGINEERING (AI AND MACHINE LEARNING)
ENG0405,5832,CE,CIVIL ENGINEERING
ENG0405,5832,CS,COMPUTER SCIENCE AND ENGINEERING
ENG0405,5832,EC,ELECTRONICS AND COMMUNICATION ENGINEERING
ENG0405,5832,EE,ELECTRICAL AND ELECTRONICS ENGINEERING
ENG0405,5832,IT,INFORMATION TECHNOLOGY
ENG0405,5832,ME,MECHANICAL ENGINEERING
ENG0405,5832,SC,Computer Science and Engineering (Cyber Security)
ENG0406,5842,AD,Artificial Intelligence and Data Science
ENG0406,5842,AM,COMPUTER SCIENCE AND ENGINEERING (AI AND MACHINE LEARNING)
ENG0406,5842,CE,CIVIL ENGINEERING
ENG0406,5842,CS,COMPUTER SCIENCE AND ENGINEERING
ENG0406,5842,EC,ELECTRONICS AND COMMUNICATION ENGINEERING
ENG0406,5842,EE,ELECTRICAL AND ELECTRONICS ENGINEERING
ENG0406,5842,IT,INFORMATION TECHNOLOGY
ENG0406,5842,ME,MECHANICAL ENGINEERING
ENG0406,5842,SC,Computer Science and Engineering (Cyber Security)
ENG0407,5851,AD,Artificial Intelligence and Data Science
ENG0407,5851,CE,CIVIL ENGINEERING
ENG0407,5851,CS,COMPUTER SCIENCE AND ENGINEERING
ENG0407,5851,EC,ELECTRONICS AND COMMUNICATION ENGINEERING
ENG0407,5851,EE,ELECTRICAL AND ELECTRONICS ENGINEERING
ENG0407,5851,IT,INFORMATION TECHNOLOGY
ENG0407,5851,SC,Computer Science and Engineering (Cyber Security)
ENG0408,5862,AE,AERONAUTICAL ENGINEERING
ENG0408,5862,AG,AGRICULTURAL ENGINEERING
ENG0408,5862,AU,AUTOMOBILE ENGINEERING
ENG0408,5862,BM,BIO MEDICAL ENGINEERING
ENG0408,5862,CB,COMPUTER SCIENCE AND BUSSINESS SYSTEM
ENG0408,5862,CE,CIVIL ENGINEERING
ENG0408,5862,CS,COMPUTER SCIENCE AND ENGINEERING
ENG0408,5862,ME,MECHANICAL ENGINEERING
ENG0408,5862,SC,Computer Science and Engineering (Cyber Security)
ENG0409,5865,AD,Artificial Intelligence and Data Science
ENG0409,5865,CE,CIVIL ENGINEERING
ENG0409,5865,CS,COMPUTER SCIENCE AND ENGINEERING
ENG0409,5865,EC,ELECTRONICS AND COMMUNICATION ENGINEERING
ENG0409,5865,EE,ELECTRICAL AND ELECTRONICS ENGINEERING
ENG0409,5865,IT,INFORMATION TECHNOLOGY
ENG0409,5865,ME,MECHANICAL ENGINEERING
ENG0410,5901,CE,CIVIL ENGINEERING
ENG0410,5901,CS,COMPUTER SCIENCE AND ENGINEERING
ENG0410,5901,EC,ELECTRONICS AND COMMUNICATION ENGINEERING
ENG0410,5901,EE,ELECTRICAL AND ELECTRONICS ENGINEERING
ENG0410,5901,IT,INFORMATION TECHNOLOGY
ENG0410,5901,ME,MECHANICAL ENGINEERING
ENG0411,5902,AD,Artificial Intelligence and Data Science
ENG0411,5902,AG,AGRICULTURAL ENGINEERING
ENG0411,5902,CE,CIVIL ENGINEERING
ENG0411,5902,CS,COMPUTER SCIENCE AND ENGINEERING
ENG0411,5902,EC,ELECTRONICS AND COMMUNICATION ENGINEERING
ENG0411,5902,EE,ELECTRICAL AND ELECTRONICS ENGINEERING
ENG0411,5902,IT,INFORMATION TECHNOLOGY
ENG0411,5902,ME,MECHANICAL ENGINEERING
ENG0412,5904,AD,Artificial Intelligence and Data Science
ENG0412,5904,CI,Computer Science and Engineering (Internet of Things)
ENG0412,5904,CS,COMPUTER SCIENCE AND ENGINEERING
ENG0412,5904,EC,ELECTRONICS AND COMMUNICATION ENGINEERING
ENG0412,5904,EE,ELECTRICAL AND ELECTRONICS ENGINEERING
ENG0412,5904,IT,INFORMATION TECHNOLOGY
ENG0412,5904,ME,MECHANICAL ENGINEERING
ENG0412,5904,SC,Computer Science and Engineering (Cyber Security)
ENG0413,5907,AD,Artificial Intelligence and Data Science
ENG0413,5907,AE,AERONAUTICAL ENGINEERING
ENG0413,5907,AG,AGRICULTURAL ENGINEERING
ENG0413,5907,AM,COMPUTER SCIENCE AND ENGINEERING (AI AND MACHINE LEARNING)
ENG0413,5907,CB,COMPUTER SCIENCE AND BUSSINESS SYSTEM
ENG0413,5907,CE,CIVIL ENGINEERING
ENG0413,5907,CH,CHEMICAL ENGINEERING
ENG0413,5907,CS,COMPUTER SCIENCE AND ENGINEERING
ENG0413,5907,EC,ELECTRONICS AND COMMUNICATION ENGINEERING
ENG0413,5907,EE,ELECTRICAL AND ELECTRONICS ENGINEERING
ENG0413,5907,IT,INFORMATION TECHNOLOGY
ENG0413,5907,ME,MECHANICAL ENGINEERING
ENG0413,5907,MR,MARINE ENGINEERING
ENG0413,5907,SC,Computer Science and Engineering (Cyber Security)
ENG0414,5910,AD,Artificial Intelligence and Data Science
ENG0414,5910,AM,COMPUTER SCIENCE AND ENGINEERING (AI AND MACHINE LEARNING)
ENG0414,5910,BM,BIO MEDICAL ENGINEERING
ENG0414,5910,CB,COMPUTER SCIENCE AND BUSSINESS SYSTEM
ENG0414,5910,CE,CIVIL ENGINEERING
ENG0414,5910,CS,COMPUTER SCIENCE AND ENGINEERING
ENG0414,5910,EC,ELECTRONICS AND COMMUNICATION ENGINEERING
ENG0414,5910,EE,ELECTRICAL AND ELECTRONICS ENGINEERING
ENG0414,5910,EV,Electronics Engineering (VLSI Design and Technology)
ENG0414,5910,IT,INFORMATION TECHNOLOGY
ENG0414,5910,ME,MECHANICAL ENGINEERING
ENG0414,5910,SC,Computer Science and Engineering (Cyber Security)
ENG0415,5911,AD,Artificial Intelligence and Data Science
ENG0415,5911,BM,BIO MEDICAL ENGINEERING
ENG0415,5911,CB,COMPUTER SCIENCE AND BUSSINESS SYSTEM
ENG0415,5911,CE,CIVIL ENGINEERING
ENG0415,5911,CS,COMPUTER SCIENCE AND ENGINEERING
ENG0415,5911,EC,ELECTRONICS AND COMMUNICATION ENGINEERING
ENG0415,5911,EE,ELECTRICAL AND ELECTRONICS ENGINEERING
ENG0415,5911,ME,MECHANICAL ENGINEERING
ENG0415,5911,SC,Computer Science and Engineering (Cyber Security)
ENG0416,5912,AD,Artificial Intelligence and Data Science
ENG0416,5912,AM,COMPUTER SCIENCE AND ENGINEERING (AI AND MACHINE LEARNING)
ENG0416,5912,CE,CIVIL ENGINEERING
ENG0416,5912,CS,COMPUTER SCIENCE AND ENGINEERING
ENG0416,5912,EC,ELECTRONICS AND COMMUNICATION ENGINEERING
ENG0416,5912,EE,ELECTRICAL AND ELECTRONICS ENGINEERING
ENG0416,5912,IT,INFORMATION TECHNOLOGY
ENG0416,5912,ME,MECHANICAL ENGINEERING
ENG0416,5912,SC,Computer Science and Engineering (Cyber Security)
ENG0417,5913,AD,Artificial Intelligence and Data Science
ENG0417,5913,CE,CIVIL ENGINEERING
ENG0417,5913,CH,CHEMICAL ENGINEERING
ENG0417,5913,CO,COMPUTER AND COMMUNICATION ENGINEERING
ENG0417,5913,CS,COMPUTER SCIENCE AND ENGINEERING
ENG0417,5913,EC,ELECTRONICS AND COMMUNICATION ENGINEERING
ENG0417,5913,EE,ELECTRICAL AND ELECTRONICS ENGINEERING
ENG0417,5913,FT,FASHION TECHNOLOGY
ENG0417,5913,IT,INFORMATION TECHNOLOGY
ENG0417,5913,ME,MECHANICAL ENGINEERING
ENG0417,5913,PC,PETRO CHEMICAL TECHNOLOGY
ENG0417,5913,TX,TEXTILE TECHNOLOGY
ENG0418,5914,AD,Artificial Intelligence and Data Science
ENG0418,5914,AM,COMPUTER SCIENCE AND ENGINEERING (AI AND MACHINE LEARNING)
ENG0418,5914,CB,COMPUTER SCIENCE AND BUSSINESS SYSTEM
ENG0418,5914,CE,CIVIL ENGINEERING
ENG0418,5914,CS,COMPUTER SCIENCE AND ENGINEERING
ENG0418,5914,EC,ELECTRONICS AND COMMUNICATION ENGINEERING
ENG0418,5914,EE,ELECTRICAL AND ELECTRONICS ENGINEERING
ENG0418,5914,EV,Electronics Engineering (VLSI Design and Technology)
ENG0418,5914,ME,MECHANICAL ENGINEERING
ENG0419,5915,AD,Artificial Intelligence and Data Science
ENG0419,5915,CE,CIVIL ENGINEERING
ENG0419,5915,CS,COMPUTER SCIENCE AND ENGINEERING
ENG0419,5915,EC,ELECTRONICS AND COMMUNICATION ENGINEERING
ENG0419,5915,EE,ELECTRICAL AND ELECTRONICS ENGINEERING
ENG0419,5915,IT,INFORMATION TECHNOLOGY
ENG0419,5915,ME,MECHANICAL ENGINEERING
ENG0420,5919,AM,COMPUTER SCIENCE AND ENGINEERING (AI AND MACHINE LEARNING)
ENG0420,5919,BM,BIO MEDICAL ENGINEERING
ENG0420,5919,BT,BIO TECHNOLOGY
ENG0420,5919,CH,CHEMICAL ENGINEERING
ENG0420,5919,CS,COMPUTER SCIENCE AND ENGINEERING
ENG0420,5919,EC,ELECTRONICS AND COMMUNICATION ENGINEERING
ENG0420,5919,EE,ELECTRICAL AND ELECTRONICS ENGINEERING
ENG0420,5919,ME,MECHANICAL ENGINEERING
ENG0421,5921,AD,Artificial Intelligence and Data Science
ENG0421,5921,BM,BIO MEDICAL ENGINEERING
ENG0421,5921,CB,COMPUTER SCIENCE AND BUSSINESS SYSTEM
ENG0421,5921,CE,CIVIL ENGINEERING
ENG0421,5921,CS,COMPUTER SCIENCE AND ENGINEERING
ENG0421,5921,EC,ELECTRONICS AND COMMUNICATION ENGINEERING
ENG0421,5921,EE,ELECTRICAL AND ELECTRONICS ENGINEERING
ENG0421,5921,IT,INFORMATION TECHNOLOGY
ENG0421,5921,ME,MECHANICAL ENGINEERING
ENG0422,5924,AD,Artificial Intelligence and Data Science
ENG0422,5924,CE,CIVIL ENGINEERING
ENG0422,5924,CS,COMPUTER SCIENCE AND ENGINEERING
ENG0422,5924,EC,ELECTRONICS AND COMMUNICATION ENGINEERING
ENG0422,5924,EE,ELECTRICAL AND ELECTRONICS ENGINEERING
ENG0422,5924,IT,INFORMATION TECHNOLOGY
ENG0422,5924,ME,MECHANICAL ENGINEERING
ENG0423,5930,AD,Artificial Intelligence and Data Science
ENG0423,5930,BM,BIO MEDICAL ENGINEERING
ENG0423,5930,CE,CIVIL ENGINEERING
ENG0423,5930,CS,COMPUTER SCIENCE AND ENGINEERING
ENG0423,5930,EC,ELECTRONICS AND COMMUNICATION ENGINEERING
ENG0423,5930,EE,ELECTRICAL AND ELECTRONICS ENGINEERING
ENG0423,5930,IT,INFORMATION TECHNOLOGY
ENG0423,5930,ME,MECHANICAL ENGINEERING
ENG0424,5935,AM,COMPUTER SCIENCE AND ENGINEERING (AI AND MACHINE LEARNING)
ENG0424,5935,CE,CIVIL ENGINEERING
ENG0424,5935,CS,COMPUTER SCIENCE AND ENGINEERING
ENG0424,5935,EC,ELECTRONICS AND COMMUNICATION ENGINEERING
ENG0424,5935,EE,ELECTRICAL AND ELECTRONICS ENGINEERING
ENG0424,5935,ME,MECHANICAL ENGINEERING
ENG0424,5935,SC,Computer Science and Engineering (Cyber Security)
ENG0425,5942,AD,Artificial Intelligence and Data Science
ENG0425,5942,CE,CIVIL ENGINEERING
ENG0425,5942,CS,COMPUTER SCIENCE AND ENGINEERING
ENG0425,5942,EC,ELECTRONICS AND COMMUNICATION ENGINEERING
ENG0425,5942,EE,ELECTRICAL AND ELECTRONICS ENGINEERING
ENG0425,5942,IT,INFORMATION TECHNOLOGY
ENG0425,5942,ME,MECHANICAL ENGINEERING
ENG0426,5986,AD,Artificial Intelligence and Data Science
ENG0426,5986,CE,CIVIL ENGINEERING
ENG0426,5986,CS,COMPUTER SCIENCE AND ENGINEERING
ENG0426,5986,EC,ELECTRONICS AND COMMUNICATION ENGINEERING
ENG0426,5986,EE,ELECTRICAL AND ELECTRONICS ENGINEERING
ENG0426,5986,EV,Electronics Engineering (VLSI Design and Technology)
ENG0426,5986,IT,INFORMATION TECHNOLOGY
ENG0426,5986,ME,MECHANICAL ENGINEERING
ENG0426,5986,SC,Computer Science and Engineering (Cyber Security)
ENG0427,5988,AM,COMPUTER SCIENCE AND ENGINEERING (AI AND MACHINE LEARNING)
ENG0427,5988,CE,CIVIL ENGINEERING
ENG0427,5988,CS,COMPUTER SCIENCE AND ENGINEERING
ENG0427,5988,EC,ELECTRONICS AND COMMUNICATION ENGINEERING
ENG0427,5988,EE,ELECTRICAL AND ELECTRONICS ENGINEERING
ENG0427,5988,IT,INFORMATION TECHNOLOGY
ENG0427,5988,ME,MECHANICAL ENGINEERING
ENG0428,5990,CE,CIVIL ENGINEERING
ENG0428,5990,CS,COMPUTER SCIENCE AND ENGINEERING
ENG0428,5990,EC,ELECTRONICS AND COMMUNICATION ENGINEERING
ENG0428,5990,EE,ELECTRICAL AND ELECTRONICS ENGINEERING
ENG0428,5990,ME,MECHANICAL ENGINEERING
